date,price,form,interface,speed,gig,sgig,brand,supplier,comment
2019-10-30,79.00,2.5",SATA,SATA,1000,0.079,Seagate,MSY,> Seagate 2.5" FireCuda SSHD 1TB ST1000LX015 SATA 6Gb/s 7mm Hybrid (8GB SSD+HDD) Hard Disk DriveCLEARANCE ITEM. Product may be refurbished or ex-demo or missing package/accessories. Please check before purchase.
2019-10-30,109.00,3.5",SATA,RPM:  5900,2000,0.054,Seagate,MSY,> Seagate IronWolf NAS 3.5" 2TB ST2000VN004 SATA3 5900rpm 64MB cache Hard Disk Drive
2019-10-30,168.00,3.5",SATA,RPM:  5900,4000,0.042,Seagate,MSY,> Seagate IronWolf NAS 3.5" 4TB ST4000VN008 SATA3 5900rpm 64MB cache Hard Disk Drive
2019-10-30,48.00,3.5",SATA?,RPM:  7200,1000,0.048,Toshiba,MSY,@+ TOSHIBA (HDWD110UZSVA) P300 Desktop INT 3.5" 1TB 7200RPM HDDCLEARANCE ITEM. Product may be refurbished or ex-demo or missing package/accessories. Please check before purchase.
2019-10-30,299.00,M.2,NVME,?,960,0.311,Adata,CPL,ADATA 960GB SSD XPG SX8200 M.2 NVMe ASX8200NP-960GT-C
2019-10-30,328.00,2.5",SATA?,?,960,0.342,Adata,CPL,ADATA Premier SP550 2.5" 960GB SSD ASP550SS3-960GM-C
2019-10-30,30.00,?,SATA,SATA3,128,0.234,Adata,MSY,ADATA Ultimate SU800 (ASU800SS-128GT-C) 128GB SATA3 3D NAND SSD Solid State DriveCLEARANCE ITEM. Product may be refurbished or ex-demo or missing package/accessories. Please check before purchase.
2019-10-30,59.00,M.2,NVME,?,128,0.461,Adata,CPL,Adata 128GB SSD XPG SX6000 M.2 NVMe ASX6000NP-128GT
2019-10-30,299.00,M.2,NVME,?,1000,0.299,Adata,CPL,Adata 1TB SSD XPG SX6000 M.2 NVMe ASX6000NP-1TT
2019-10-30,99.00,M.2,NVME,?,240,0.412,Adata,CPL,Adata 240G M.2 NVME PCIe SSD ASX8200NP-240GT-C (3200/1700)
2019-10-30,89.00,M.2,NVME,?,256,0.348,Adata,CPL,Adata 256GB SSD XPG SX6000 M.2 NVMe ASX6000NP-256GT
2019-10-30,169.00,M.2,NVME,?,480,0.352,Adata,CPL,Adata 480G M.2 NVME PCIe SSD ASX8200NP-480GT-C (3200/1700)
2019-10-30,149.00,M.2,NVME,?,512,0.291,Adata,CPL,Adata 512GB SSD XPG SX6000 M.2 NVMe ASX6000NP-512GT
2019-10-30,65.00,2.5",SATA?,?,240,0.271,Adata,CPL,Adata ASU650SS-240GT-C SU650 240G 2.5" SSD
2019-10-30,89.00,2.5",SATA?,?,480,0.185,Adata,CPL,Adata ASU650SS-480GT-C 480G SU650 2.5" SSD
2019-10-30,99.00,2.5",SATA,SATA,512,0.193,Adata,CPL,Adata ASU800SS-512GT-C Premier SU800 512G 2.5'' SATA III SSD
2019-10-30,179.00,M.2,?,?,512,0.350,Adata,CPL,Adata SP900 512GB M.2280 SSD ASP900NS38-512GM-C
2019-10-30,9.00,?,?,Not storage,?,?,?,CPL,Bay Rafter 2.5 Inch to 3.5 Inch Convertor - BAY RAFTER 2.5 to 3.5
2019-10-30,398.00,M.2,NVME,PCIe4 x4,1000,0.398,Corsair,CPL,Corsair CSSD-F1000GBMP600 Force MP600 1TB NVMe PCIe x4 Gen4 SSD M.2(2280)
2019-10-30,719.00,M.2,NVME,PCIe4 x4,2000,0.359,Corsair,CPL,Corsair CSSD-F2000GBMP600 Force MP600 2TB NVMe PCIe x4 Gen4 SSD M.2(2280)
2019-10-30,169.00,M.2,NVME,?,480,0.352,Corsair,CPL,Corsair CSSD-F480GBMP300 Force MP300 480GB M.2(2280) NVMe PCIe SSD
2019-10-30,249.00,M.2,NVME,?,500,0.498,Corsair,CPL,Corsair CSSD-F500GBMP600 Force MP600 500GB NVMe PCIe x4 Gen4 SSD M.2(2280)
2019-10-30,499.00,M.2,?,?,1920,0.260,Corsair,CPL,Corsair Force MP510 1920GB SSD M.2 SSD CSSD-F1920GBMP510
2019-10-30,82.00,M.2,?,?,240,0.342,Corsair,CPL,Corsair Force MP510 240GB SSD M.2 SSD CSSD-F240GBMP510
2019-10-30,126.00,M.2,?,?,480,0.263,Corsair,CPL,Corsair Force MP510 480GB SSD M.2 SSD CSSD-F480GBMP510
2019-10-30,259.00,M.2,?,?,960,0.270,Corsair,CPL,Corsair Force MP510 960GB SSD M.2 SSD CSSD-F960GBMP510
2019-10-30,30.00,2.5",SATA,SATA,120,0.250,Crucial,MSY,Crucial BX500 (CT120BX500SSD1) 120GB 3D NAND SATA 2.5-inch SSD
2019-10-30,78.00,2.5",SATA,SATA,480,0.163,Crucial,MSY,Crucial BX500 (CT480BX500SSD1) 480GB 3D NAND SATA 2.5-inch SSD
2019-10-30,125.00,2.5",SATA,SATA,960,0.130,Crucial,MSY,Crucial BX500 (CT960BX500SSD1) 960GB 3D NAND SATA 2.5-inch SSD
2019-10-30,185.00,M.2,?,?,1000,0.185,Crucial,CPL,Crucial CT1000MX500SSD4 MX500 1TB M.2 (2280) SSD
2019-10-30,175.00,M.2,NVME,?,1000,0.175,Crucial,CPL,Crucial CT1000P1SSD8 P1 1TB 3D NAND NVMe PCIe M.2 SSD
2019-10-30,32.00,2.5",SATA,SATA,120,0.267,Crucial,CPL,Crucial CT120BX500SSD1 BX500 120GB 2.5" SATA SSD
2019-10-30,339.00,2.5",SATA,SATA,2000,0.170,Crucial,CPL,Crucial CT2000MX500SSD1 MX500 2TB 2.5" SATA SSD
2019-10-30,45.00,2.5",SATA,SATA,240,0.188,Crucial,CPL,Crucial CT240BX500SSD1 BX500 240GB 2.5" SATA SSD
2019-10-30,59.00,2.5",SATA,SATA,250,0.236,Crucial,CPL,Crucial CT250MX500SSD1 MX500 250GB 2.5" SATA SSD
2019-10-30,63.00,M.2,?,?,250,0.252,Crucial,CPL,Crucial CT250MX500SSD4 MX500 250GB M.2 (2280) SSD
2019-10-30,79.00,M.2,SATA,SATA,250,0.316,Crucial,CPL,Crucial CT250MX500SSD4T MX500 250GB M.2(2280) 3D NAND SATA SSD
2019-10-30,78.00,2.5",SATA,SATA,480,0.163,Crucial,CPL,Crucial CT480BX500SSD1 BX500 480GB 2.5" SATA SSD
2019-10-30,95.00,M.2,?,?,500,0.190,Crucial,CPL,Crucial CT500MX500SSD4 MX500 500GB M.2 (2280) SSD
2019-10-30,94.00,M.2,NVME,?,500,0.188,Crucial,CPL,Crucial CT500P1SSD8 P1 500GB 3D NAND NVMe PCIe M.2 SSD
2019-10-30,135.00,2.5",SATA,SATA,960,0.141,Crucial,CPL,Crucial CT960BX500SSD1 BX500 960GB 2.5' SATA SSD - 3D NAND 540/500MB/s 7mm
2019-10-30,179.00,?,SATA,SATA3,1000,0.179,Crucial,MSY,Crucial MX500 (CT1000MX500SSD1) 1TB SATA3 SSD Solid State Drive
2019-10-30,329.00,?,SATA,SATA3,2000,0.165,Crucial,MSY,Crucial MX500 (CT2000MX500SSD1) 2TB SATA3 SSD Solid State Drive
2019-10-30,59.00,?,SATA,SATA3,250,0.236,Crucial,MSY,Crucial MX500 (CT250MX500SSD1) 250GB SATA3 SSD Solid State Drive
2019-10-30,63.00,M.2,?,?,250,0.252,Crucial,MSY,Crucial MX500 (CT250MX500SSD4) 250GB M.2 SSD Solid State Drive
2019-10-30,95.00,?,SATA,SATA3,500,0.190,Crucial,MSY,Crucial MX500 (CT500MX500SSD1) 500GB SATA3 SSD Solid State Drive
2019-10-30,87.00,?,USB,USB 3.0,2000,0.043,?,MSY,Drag and drop file saving_ right out of the box USB powered Fast data transfer with USB 3.0 connectivity capacity: 2TB
2019-10-30,699.00,?,?,?,?,?,?,MSY,Free Shipping
2019-10-30,449.00,?,?,?,?,?,?,MSY,Free ShippingCLEARANCE ITEM. Product may be refurbished or ex-demo or missing package/accessories. Please check before purchase.
2019-10-30,439.00,?,SATA,SATA3,2000,0.220,SanDisk,MSY,Free ShippingSandisk Ultra 3D SSD (SDSSDH3-2T00-G25) 2TB SATA3 SSD Solid State Drive
2019-10-30,39.00,2.5",SATA?,?,120,0.325,Galax,CPL,Galax TGAA1D4T6TG32CNSBXKDXN 120GB Gamer V Series 2.5" SSD
2019-10-30,98.00,M.2,NVME,?,256,0.383,Gigabyte,CPL,Gigabyte AORUS RGB 256GB M.2 NVMe SSD GP-ASM2NE2256GTTDR
2019-10-30,174.00,M.2,NVME,?,512,0.340,Gigabyte,CPL,Gigabyte GP-ASM2NE2512GTTDR Aorus RGB 512GB M.2 PCIe NVMe SSD
2019-10-30,418.00,M.2,NVME,PCIe4,1000,0.418,Gigabyte,CPL,Gigabyte GP-ASM2NE6100TTTD Aorus M.2 PCIe NVMe Gen4 SSD 1TB 
2019-10-30,718.00,M.2,NVME,PCIe4,2000,0.359,Gigabyte,CPL,Gigabyte GP-ASM2NE6200TTTD Aorus M.2 PCIe NVMe Gen4 SSD 2TB
2019-10-30,248.00,M.2,NVME,PCIe4,500,0.496,Gigabyte,CPL,Gigabyte GP-ASM2NE6500GTTD Aorus M.2 PCIe NVMe Gen4 SSD 500GB 3D NAND
2019-10-30,195.00,M.2,NVME,PCIe3 x4,1000,0.195,Gigabyte,CPL,Gigabyte GP-GSM2NE3100TNTD 1TB M.2(2280) NVMe PCIE 3x4 SSD
2019-10-30,29.00,M.2,NVME,PCIe3 x4,128,0.227,Gigabyte,CPL,Gigabyte GP-GSM2NE3128GNTD 128GB M.2(2280) NVMe PCIE 3x4 SSD
2019-10-30,65.00,M.2,NVME,PCIe3 x4,256,0.254,Gigabyte,CPL,Gigabyte GP-GSM2NE3256GNTD 256GB M.2(2280) NVMe PCIE 3x4 SSD
2019-10-30,109.00,M.2,NVME,PCIe3 x4,512,0.213,Gigabyte,CPL,Gigabyte GP-GSM2NE3512GNTD 512GB M.2(2280) NVMe PCIE 3x4 SSD
2019-10-30,39.00,M.2,NVME,?,128,0.305,Gigabyte,CPL,Gigabyte GP-GSM2NE8128GNTD M.2 PCIe NVMe SSD 128GB
2019-10-30,69.00,2.5",SATA,SATA,256,0.270,Gigabyte,CPL,Gigabyte GP-GSTFS30256GTTD UD PRO 256GB 2.5" SATA SSD
2019-10-30,159.00,2.5",SATA,SATA,512,0.311,Gigabyte,CPL,Gigabyte GP-GSTFS30512GTTD UD PRO 512GB 2.5" SATA SSD
2019-10-30,32.00,?,SATA,SATA3,120,0.267,Gigabyte,CPL,Gigabyte GP-GSTFS31120GNTD 120GB SATA3 SSD 
2019-10-30,45.00,?,SATA,SATA3,240,0.188,Gigabyte,CPL,Gigabyte GP-GSTFS31240GNTD 240GB SATA3 SSD
2019-10-30,79.00,2.5",SATA,SATA3,480,0.165,Gigabyte,CPL,Gigabyte GP-GSTFS31480GNTD SSD 480GB 2.5" SATA3
2019-10-30,639.00,3.5",SATA?,?,10000,0.064,?,CPL,HGST 0F27607 HUH721010ALN600 HE10 10TB 3.5" ULTRA  Active Archive 4KN
2019-10-30,509.00,3.5",SATA,SATA,8000,0.064,?,CPL,HGST 0F27610 Ultrastar 8TB 3.5" SATA Ultrastar He10 Enterprise Hard Drive
2019-10-30,799.00,3.5",SATA,RPM:  7200,12000,0.067,?,CPL,HGST 0F30146 3.5' 12TB 256MB 7200RPM HE12_ SATA ULTRA 512E SE_ HUH721212ALE604
2019-10-30,479.00,3.5",SATA,RPM:  7200,8000,0.060,?,CPL,HGST H3IKNAS800012872SWW 0S04012 NAS 8TB 3.5" SATA 7200RPM 128MB HDD
2019-10-30,399.00,2.5",SAS,RPM: 10000,900,0.443,?,CPL,HGST HUC101890CS4200 0B27975 C10K1800 2.5" 900GB SAS 12Gb/s 10K RPM 128M 512e ISE HDD
2019-10-30,559.00,3.5",SATA,RPM:  7200,8000,0.070,?,CPL,HGST HUH721008ALE600 0F27610 3.5" 8TB 256MB 7200RPM SATA 12GBs 512E ISE HE10
2019-10-30,399.00,3.5",SATA,RPM:  7200,6000,0.067,?,CPL,HGST HUS726060ALE610 3.5' 6TB 128MB 7200RPM SATA 512E ISE_ 7K6000_ 0F23001
2019-10-30,599.00,2.5",SATA?,RPM:  7200,1000,0.599,HP,CPL,HP 1TB 7.2K 2.5" MDL SC HDD  832514-B21
2019-10-30,399.00,2.5",SAS,RPM: 10000,600,0.665,HP,CPL,HP 872477-B21 600GB SAS 10K SFF SC DS HDD
2019-10-30,290.00,2.5",SAS,RPM: 10000,300,0.967,HP,CPL,HPE 872475-B21 300GB SAS 10K SFF SC DS Hard Drive
2019-10-30,547.00,?,SAS,?,8000,0.068,Hitachi,CPL,Hitachi 0F27406 8TB SAS Hard Drive
2019-10-30,219.00,?,SATA,SATA3,2000,0.110,Hitachi,CPL,Hitachi 7K6000 2TB SATA3 UltraStar 0F23009
2019-10-30,219.00,3.5",SATA,RPM:  7200,2000,0.110,Hitachi,CPL,Hitachi HGST 1W10002 3.5in 2TB SATA3 7200RPM UltraStar HDD
2019-10-30,239.00,3.5",SATA,RPM:  7200,4000,0.060,Hitachi,CPL,Hitachi HUS724040ALE64 4TB 3.5" 7.2K RPM SATA Ultrastar 7K4000
2019-10-30,25.00,M.2,NVME,PCIe3,16,1.562,Intel,CPL,INTEL MEMPEK1W016GAXT OPTANE MEMORY_ 16GB_ M.2 2280 PCIe 3.0 NVMe_ 3D XPOINT_ 5YR WTY
2019-10-30,59.00,M.2,NVME,PCIe3,32,1.844,Intel,CPL,INTEL MEMPEK1W032GAXT OPTANE MEMORY_ 32GB_ M.2 2280 PCIe 3.0 NVMe_ 3D XPOINT_ 5YR WTY
2019-10-30,939.00,?,?,Too many matching size buzzwords,?,?,?,CPL,INTEL SSDPE21D480GAM3 905P SERIES SSD 480GB_ 2.5" PCIe 3.1 x4_ OPTANE_ W/ M.2 KIT_ 5YR WTY
2019-10-30,959.00,2.5",SATA?,?,480,1.998,Intel,CPL,INTEL SSDPE21D480GAX1 905P SERIES SSD 480GB_ 2.5" PCIe 3.1 x4_ OPTANE_ 5YR WTY
2019-10-30,1999.00,2.5",SATA?,?,375,5.331,Intel,CPL,INTEL SSDPE21K375GA01 SSD P4800X Series 375GB 2.5in
2019-10-30,165.00,M.2,?,?,1000,0.165,Intel,CPL,INTEL SSDPEKNW010T8X1 SSD 660p Series 1.0TB M.2 80mm
2019-10-30,319.00,M.2,?,?,2000,0.160,Intel,CPL,INTEL SSDPEKNW020T8X1 SSD 660p Series 2.0TB M.2 80mm
2019-10-30,85.00,2.5",SATA?,?,256,0.332,Intel,CPL,INTEL SSDSC2KW256G8X1 256GB SSD 2.5 ST 6.00 NAND
2019-10-30,95.00,2.5",SATA,SATA,256,0.371,Intel,CPL,INTEL SSDSC2KW256G8XT 256GB 545s 2.5" SATA SSD
2019-10-30,149.00,M.2,?,?,240,0.621,Intel,CPL,INTEL SSDSCKKB240G801 SSD D3-S4510 Series 240GB M.2
2019-10-30,219.00,M.2,?,?,480,0.456,Intel,CPL,INTEL SSDSCKKB480G801 SSD D3-S4510 Series 480GB M.2
2019-10-30,379.00,M.2,?,?,960,0.395,Intel,CPL,INTEL SSDSCKKB960G801 SSD D3-S4510 Series 960GB M.2
2019-10-30,1329.00,2.5",SATA,SATA3,3840,0.346,Intel,CPL,Intel 3.84TB SSD D3-S4510 Series SSDSC2KB038T801 2.5" SATA3
2019-10-30,113.00,?,SATA,SATA3,512,0.221,Intel,MSY,Intel 545s Series (SSDSC2KW512G8X1) 512GB SATA3 SSD Solid State DriveCLEARANCE ITEM. Product may be refurbished or ex-demo or missing package/accessories. Please check before purchase.
2019-10-30,49.00,M.2,?,?,256,0.191,Intel,MSY,Intel 545s Series (SSDSCKKW256G8X1) 256GB M.2. SSD Solid State DriveCLEARANCE ITEM. Product may be refurbished or ex-demo or missing package/accessories. Please check before purchase.
2019-10-30,165.00,M.2,NVME,?,1000,0.165,Intel,MSY,Intel 660P series (SSDPEKNW010T8X1) 1TB M.2 PCIe NVMe SSD Solid State Drive
2019-10-30,95.00,M.2,NVME,?,512,0.186,Intel,MSY,Intel 660P series (SSDPEKNW512G8X1) 512GB M.2 PCIe NVMe SSD Solid State Drive
2019-10-30,55.00,M.2,NVME,?,128,0.430,Intel,MSY,Intel 760p Series (SSDPEKKW128G8XT) 128GB M.2 PCIe NVMe SSD (Solid State Drive)
2019-10-30,83.00,M.2,NVME,?,256,0.324,Intel,MSY,Intel 760p Series (SSDPEKKW256G8XT) 256GB M.2 PCIe NVMe SSD (Solid State Drive)
2019-10-30,870.00,2.5",SATA,SATA3,1920,0.453,Intel,CPL,Intel DC S4610 2.5" 1.92TB SSD SATA3 SSDSC2KG019T801 7mm 560R/510W 5YR WTY
2019-10-30,179.00,2.5",SATA,SATA3,240,0.746,Intel,CPL,Intel DC S4610 2.5" 240GB SSD SATA3 SSDSC2KG240G801 7mm 560R/320W 5YR WTY
2019-10-30,257.00,2.5",SATA,SATA3,480,0.535,Intel,CPL,Intel DC S4610 2.5" 480GB SSD SATA3 SSDSC2KG480G801 7mm 560R/510W 5YR WTY
2019-10-30,425.00,2.5",SATA,SATA3,960,0.443,Intel,CPL,Intel DC S4610 2.5" 960GB SSD SATA3 SSDSC2KG960G801 7mm 560R/510W 5YR WTY
2019-10-30,159.00,?,?,?,?,?,Intel,CPL,Intel HBRPEKNX0101A01 Optane H10 SSD 16GB+256GB
2019-10-30,279.00,?,?,?,?,?,Intel,CPL,Intel HBRPEKNX0202A01 Optane H10 SSD 32GB+512GB
2019-10-30,389.00,?,?,?,?,?,Intel,CPL,Intel HBRPEKNX0203A01 Optane H10 SSD 32GB+1TB
2019-10-30,69.00,M.2,?,?,16,4.312,Intel,CPL,Intel MEMPEK1J016GA01 Optane Memory M10 16GB M.2 SSD
2019-10-30,139.00,M.2,?,?,32,4.344,Intel,CPL,Intel MEMPEK1J032GA01 OptaneMemorySeries 32GB M2 80mm
2019-10-30,249.00,?,?,?,64,3.891,Intel,CPL,Intel MEMPEK1J064GA01 Optane M10 Series 64GB
2019-10-30,99.00,?,?,?,32,3.094,Intel,CPL,Intel MEMPEK1W032GA01 32GB OPTANE CACHE MEMORY
2019-10-30,37.00,M.2,?,?,?,?,Intel,MSY,Intel Optane Memory (MEMPEK1W016GAXT) 16G M.2 Cache MemoryCLEARANCE ITEM. Product may be refurbished or ex-demo or missing package/accessories. Please check before purchase.
2019-10-30,3699.00,2.5",SATA?,?,1500,2.466,Intel,CPL,Intel SSDPE21D015TAX1 905P SERIES SSD 1.5TB 2.5" PCIe 3.1 x4 OPTANE
2019-10-30,665.00,2.5",SATA?,?,1000,0.665,Intel,CPL,Intel SSDPE2KX010T810 1TB  DC P4510 2.5" SSD 
2019-10-30,849.00,2.5",SATA?,?,2000,0.424,Intel,CPL,Intel SSDPE2KX020T801 2.0TB_ 2.5in SSD DC P4510 PCIe 3.1 x4_ 3D2_ TLC
2019-10-30,899.00,?,?,?,480,1.873,Intel,CPL,Intel SSDPED1D480GASX 480GB Optane SSD 900P Series
2019-10-30,5299.00,?,NVME,?,750,7.065,Intel,CPL,Intel SSDPED1K750GA01 750GB DC P4800X PCIe NVMe SSD
2019-10-30,189.00,M.2,NVME,PCIe3,58,3.259,Intel,CPL,Intel SSDPEK1W060GA01 800P 58GB M.2 2280 Pcie 3.0 Nvme_ 3D Xpoint_ 5 Yr Wty
2019-10-30,339.00,M.2,NVME,PCIe3,118,2.873,Intel,CPL,Intel SSDPEK1W120GA01 800P 118GB M.2 2280 Pcie 3.0 Nvme_ 3D Xpoint_ 5 Yr Wty
2019-10-30,399.00,M.2,?,?,1000,0.399,Intel,CPL,Intel SSDPEKKA010T801 SSD DCP4101 Series 1TB M2 80mm
2019-10-30,779.00,M.2,?,?,2000,0.390,Intel,CPL,Intel SSDPEKKA020T801 SSD DCP4101 Series 2TB M2 80mm
2019-10-30,109.00,M.2,?,?,128,0.852,Intel,CPL,Intel SSDPEKKA128G801 SSD DCP4101 Series 128GB M2 80mm
2019-10-30,146.00,M.2,?,?,256,0.570,Intel,CPL,Intel SSDPEKKA256G801 SSD DCP4101 Series 256GB M2 80mm
2019-10-30,239.00,M.2,?,?,512,0.467,Intel,CPL,Intel SSDPEKKA512G801 SSD DCP4101 Series 512GB M2 80mm
2019-10-30,309.00,M.2,NVME,?,1000,0.309,Intel,CPL,Intel SSDPEKKW010T8X1 1TB 760p Series SSD M.2 80MM PCIe 
2019-10-30,599.00,M.2,NVME,?,2000,0.299,Intel,CPL,Intel SSDPEKKW020T8X1 2TB 760p Series SSD M.2 80MM PCIe
2019-10-30,79.00,M.2,?,?,128,0.617,Intel,CPL,Intel SSDPEKKW128G7X1 SSD 600P Series 128GB PCIE M.2
2019-10-30,62.00,M.2,?,?,128,0.484,Intel,CPL,Intel SSDPEKKW128G8XT 128GB 760p Series M.2 80MM PCIe SSD
2019-10-30,155.00,M.2,NVME,?,512,0.303,Intel,CPL,Intel SSDPEKKW512G8XT 512GB 760p Series SSD M.2 80MM PCIe
2019-10-30,95.00,M.2,?,?,512,0.186,Intel,CPL,Intel SSDPEKNW512G8X1 SSD 660P Series 512GB PCIE M.2 QLC
2019-10-30,469.00,?,?,?,?,?,Intel,CPL,Intel SSDPEL1K100GA01 Optane SSD DC P4801X Series 100G
2019-10-30,969.00,?,?,?,?,?,Intel,CPL,Intel SSDPEL1K200GA01 Optane SSD DC P4801X Series 200G
2019-10-30,1899.00,?,?,?,?,?,Intel,CPL,Intel SSDPEL1K375GA01 Optane# SSD DC P4801X Series 375G
2019-10-30,169.00,2.5",SATA,SATA,360,0.469,Intel,CPL,Intel SSDSC2BW360H601 535 SERIES INTERNAL SSD 2.5" SATA 360GB SSD
2019-10-30,723.00,2.5",SATA,SATA3,1920,0.377,Intel,CPL,Intel SSDSC2KB019T801 DC S4510 2.5" 1.92TB SSD SATA3
2019-10-30,148.00,2.5",SATA,SATA,?,?,Intel,CPL,Intel SSDSC2KB240G801 SSD D3-S4510 Series (240GB_ 2.5in SATA 6Gb/s_ 3D2_ TLC)
2019-10-30,212.00,2.5",SATA,SATA3,480,0.442,Intel,CPL,Intel SSDSC2KB480G801 DC S4510 2.5" 480GB SSD SATA3
2019-10-30,359.00,2.5",SATA,SATA3,960,0.374,Intel,CPL,Intel SSDSC2KB960G801 DC S4510 2.5" 960GB SSD SATA3
2019-10-30,59.00,2.5",SATA?,?,128,0.461,Intel,CPL,Intel SSDSC2KW128G8X1 545S Series 128GB 2.5IN SSD
2019-10-30,219.00,2.5",SATA,SATA3,480,0.456,Intel,CPL,Intel SSDSC2KW480H6X1 540 Series 2.5" 480GB SSD SATA3 6Gbps 560/480MB/s
2019-10-30,139.00,?,SATA,SATA3,512,0.271,Intel,CPL,Intel SSDSC2KW512G8X1 512GB SSD SATA3
2019-10-30,79.00,M.2,?,?,180,0.439,Intel,CPL,Intel SSDSCKKF180H6X1 180GB Pro 5400S Series SSD M.2
2019-10-30,65.00,M.2,NVME,?,128,0.508,Intel,CPL,Intel SSDSCKKW128G8X1 545S Series 128GB PCIE M2 SSD
2019-10-30,79.00,M.2,SATA,SATA,256,0.309,Intel,CPL,Intel SSDSCKKW256G8X1 545s Series SSD_ M.2 80mm SATA_ 256GB_ RETAIL BOX_ 5YR WTY
2019-10-30,149.00,M.2,NVME,?,512,0.291,Intel,CPL,Intel SSDSCKKW512G8X1 512GB SSD 545S Series PCIE M2
2019-10-30,178.00,M.2,NVME,?,1000,0.178,Kingston,CPL,KINGSTON SA2000M8/1000G 1000G A2000 M.2 2280 NVMe SSD
2019-10-30,75.00,M.2,NVME,?,?,?,Kingston,CPL,KINGSTON SA2000M8/250G 250G A2000 M.2 2280 NVMe SSD
2019-10-30,99.00,M.2,NVME,?,500,0.198,Kingston,CPL,KINGSTON SA2000M8/500G 500G A2000 M.2 2280 NVMe SSD
2019-10-30,269.00,M.2,NVME,PCIe3 x4,1000,0.269,Kingston,CPL,KINGSTON SKC2000M8/1000G 1000GB SSD M.2 2280 NVME GEN 3.0 X 4
2019-10-30,549.00,M.2,NVME,?,2000,0.275,Kingston,CPL,KINGSTON SKC2000M8/2000G 2000GB SSD M.2 2280 NVME GEN 3.0 X 4
2019-10-30,82.00,M.2,NVME,PCIe3 x4,250,0.328,Kingston,CPL,KINGSTON SKC2000M8/250G 250GB SSD M.2 2280 NVME GEN 3.0 X 4
2019-10-30,43.00,2.5",SATA,SATA3,120,0.358,Kingston,MSY,Kingston (SUV500/120G) 120GB SSDNOW UV500 SATA3 2.5" Solid State Drive
2019-10-30,62.00,2.5",SATA,SATA3,240,0.258,Kingston,MSY,Kingston (SUV500/240G) 240GB SSDNOW UV500 SATA3 2.5" Solid State Drive
2019-10-30,239.00,2.5",SATA,SATA3,960,0.249,Kingston,MSY,Kingston (SUV500/960G) 960GB SSDNOW UV500 SATA3 2.5" Solid State Drive
2019-10-30,79.00,?,SATA,SATA,240,0.329,Kingston,CPL,Kingston 240G SSDNow UV400 SATA 3 SSD SUV400S37/240G
2019-10-30,139.00,?,SATA,SATA,480,0.290,Kingston,CPL,Kingston 480G SSDNow UV400 SATA 3 SSD SUV400S37/480G
2019-10-30,239.00,M.2,?,?,480,0.498,Kingston,CPL,Kingston 480Gb M.2 SSD SM2280S3G2/480G
2019-10-30,179.00,?,NVME,?,1000,0.179,Kingston,MSY,Kingston A2000 (SA2000M8/1000G) 1TB NVME SSD Solid State Drive
2019-10-30,75.00,?,NVME,?,250,0.300,Kingston,MSY,Kingston A2000 (SA2000M8/250G) 250GB NVME SSD Solid State Drive
2019-10-30,99.00,?,NVME,?,500,0.198,Kingston,MSY,Kingston A2000 (SA2000M8/500G) 500GB NVME SSD Solid State Drive
2019-10-30,35.00,2.5",SATA,SATA3,120,0.292,Kingston,MSY,Kingston A400 (SA400S37/120G) 120GB SATA3 2.5" SSD Solid State Drive
2019-10-30,48.00,2.5",SATA,SATA3,240,0.200,Kingston,MSY,Kingston A400 (SA400S37/240G) 240GB SATA3 2.5" SSD Solid State Drive
2019-10-30,79.00,2.5",SATA,SATA3,480,0.165,Kingston,MSY,Kingston A400 (SA400S37/480G) 480GB SATA3 2.5" SSD Solid State Drive
2019-10-30,169.00,2.5",SATA,SATA3,960,0.176,Kingston,MSY,Kingston A400 (SA400S37/960G) 960GB SATA3 2.5" SSD Solid State Drive
2019-10-30,72.00,M.2,NVME,?,240,0.300,Kingston,CPL,Kingston SA1000M8/240G 240G SSDNOW A1000 M.2 2280 NVMe SSD
2019-10-30,105.00,M.2,NVME,?,480,0.219,Kingston,CPL,Kingston SA1000M8/480G 480G SSDNOW A1000 M.2 2280 NVMe SSD
2019-10-30,269.00,M.2,NVME,?,960,0.280,Kingston,CPL,Kingston SA1000M8/960G 960G SSDNOW A1000 M.2 2280 NVMe SSD
2019-10-30,38.00,M.2,?,?,120,0.317,Kingston,CPL,Kingston SA400M8/120G A400 M.2 SSD 120GB
2019-10-30,49.00,M.2,?,?,240,0.204,Kingston,CPL,Kingston SA400M8/240G A400 M.2 SSD 240GB
2019-10-30,35.00,2.5",SATA,SATA3,120,0.292,Kingston,CPL,Kingston SA400S37/120G AS400SSD 2.5inch 7mm SATA3 SSD
2019-10-30,48.00,2.5",SATA,SATA3,240,0.200,Kingston,CPL,Kingston SA400S37/240G AS400SSD 2.5inch 7mm SATA3 SSD
2019-10-30,79.00,2.5",SATA,SATA3,480,0.165,Kingston,CPL,Kingston SA400S37/480G AS400SSD 2.5inch 7mm SATA3 SSD
2019-10-30,599.00,?,?,?,960,0.624,Kingston,CPL,Kingston SEDC400S37/960G 960GB SSDNow DC400 SSD
2019-10-30,119.00,2.5",SATA?,?,240,0.496,Kingston,CPL,Kingston SHFR200/240G HyperX Fury RGB 240GB 2.5" SSD
2019-10-30,159.00,2.5",SATA?,?,480,0.331,Kingston,CPL,Kingston SHFR200/480G HyperX Fury RGB 480GB 2.5" SSD
2019-10-30,330.00,2.5",SATA?,?,960,0.344,Kingston,CPL,Kingston SHFR200/960G HyperX Fury RGB 960GB 2.5" SSD
2019-10-30,42.00,2.5",SATA,SATA3,120,0.350,Kingston,CPL,Kingston SUV500/120G 120GB SSDNOW UV500 SATA3 2.5" SSD
2019-10-30,62.00,2.5",SATA,SATA3,240,0.258,Kingston,CPL,Kingston SUV500/240G 240GB SSDNOW UV500 SATA3 2.5" SSD
2019-10-30,103.00,2.5",SATA,SATA3,480,0.215,Kingston,CPL,Kingston SUV500/480G 480GB SSDNOW UV500 SATA3 2.5" SSD
2019-10-30,289.00,2.5",SATA,SATA3,960,0.301,Kingston,CPL,Kingston SUV500/960G 960GB SSDNOW UV500 SATA3 2.5" SSD
2019-10-30,45.00,M.2,?,?,120,0.375,Kingston,CPL,Kingston SUV500M8/120G 120G SSDNOW UV500 M.2 SSD
2019-10-30,62.00,M.2,?,?,240,0.258,Kingston,CPL,Kingston SUV500M8/240G 240G SSDNOW UV500 M.2 SSD
2019-10-30,319.00,M.2,?,?,480,0.665,Kingston,CPL,Kingston SUV500M8/480G 480G SSDNOW UV500 M.2
2019-10-30,89.00,mSATA,SATA,?,240,0.371,Kingston,CPL,Kingston SUV500MS/240G 240G SSDNOW UV500 mSATA
2019-10-30,155.00,mSATA,SATA,?,480,0.323,Kingston,CPL,Kingston SUV500MS/480G 480G SSDNOW UV500 mSATA
2019-10-30,59.00,M.2,NVME,?,128,0.461,Lexar,CPL,Lexar LNM500-128RB NM500 2280 NVMe GEn 3x2 128GB M.2 SSD
2019-10-30,119.00,M.2,NVME,PCIe3 x2,512,0.232,Lexar,CPL,Lexar LNM500-512RB NM500 2280 NVMe GEn 3x2 512GB M.2 SSD
2019-10-30,115.00,M.2,NVME,?,?,?,Lexar,CPL,Lexar LNM600-240RB NM600 M.2 (2280) NVMe PCIE SSD
2019-10-30,152.00,M.2,NVME,PCIe3 x4,480,0.317,Lexar,CPL,Lexar LNM600-480RB NM600 2280 NVMe GEn 3x4 480GB M.2 SSD
2019-10-30,35.00,2.5",SATA,SATA,128,0.273,Lexar,CPL,Lexar LNS100-128RB 128GB_ 2.5 SATA III (6Gb/s)_ sequential read up to 520MB/s
2019-10-30,49.00,2.5",SATA,SATA,256,0.191,Lexar,CPL,Lexar LNS100-256RB 256GB_ 2.5" SATA III (6Gb/s)_ sequential read up to 520MB/s
2019-10-30,85.00,2.5",SATA,SATA,512,0.166,Lexar,CPL,Lexar LNS100-512RB 512GB_ 2.5" SATA III (6Gb/s)_ sequential read up to 520MB/s
2019-10-30,255.00,2.5",SATA,SATA,1000,0.255,Micron,CPL,Micron MTFDDAK1T0TDL-1AW1ZABYY 1300 1TB SATA 6GB 2.5" Enterprise non-SED SSD
2019-10-30,1119.00,2.5",SATA,SATA,1920,0.583,Micron,CPL,Micron MTFDDAK1T9TDC-1AT16ABYY 5200 ECO 1.92TB 2.5' SATA SSD
2019-10-30,1099.00,2.5",SATA,SATA3,?,?,Micron,CPL,Micron MTFDDAK1T9TDN-1AT1ZABYY 5200 MAX 1920GB/1.92TB 2.5" SATA3 6Gbps 7mm Server Data Centre SSD
2019-10-30,309.00,2.5",SATA,SATA,240,1.288,Micron,CPL,Micron MTFDDAK240TCC-1AR16ABYY 5100 MAX 240GB 2.5' SATA SSD
2019-10-30,289.00,2.5",SATA,SATA3,240,1.204,Micron,CPL,Micron MTFDDAK240TDN-1AT1ZABYY 5200 MAX 240GB 2.5" SATA3 6Gbps 7mm Server Data Centre SSD
2019-10-30,1999.00,2.5",SATA,SATA,3840,0.521,Micron,CPL,Micron MTFDDAK3T8TDC-1AT16ABYY 5200 ECO 3.84TB 2.5' SATA SSD
2019-10-30,469.00,2.5",SATA,SATA,480,0.977,Micron,CPL,Micron MTFDDAK480TCC-1AR16ABYY 5100 MAX 480GB 2.5' SATA SSD
2019-10-30,389.00,2.5",SATA,SATA,480,0.810,Micron,CPL,Micron MTFDDAK480TDC-1AT16ABYY 5200 ECO 480GB 2.5' SATA SSD
2019-10-30,359.00,2.5",SATA,SATA3,480,0.748,Micron,CPL,Micron MTFDDAK480TDN-1AT1ZABYY 5200 MAX 480GB 2.5" SATA3 6Gbps 7mm Server Data Centre SSD
2019-10-30,132.00,2.5",SATA,SATA,512,0.258,Micron,CPL,Micron MTFDDAK512TDL-1AW1ZABYY 1300 512GB SATA 6GB 2.5" Enterprise non-SED SSD
2019-10-30,859.00,2.5",SATA,SATA,960,0.895,Micron,CPL,Micron MTFDDAK960TCC-1AR16ABYY 5100 MAX 960GB 2.5' SATA SSD
2019-10-30,609.00,2.5",SATA,SATA,960,0.634,Micron,CPL,Micron MTFDDAK960TDC-1AT16ABYY 5200 ECO 960GB 2.5' SATA SSD
2019-10-30,589.00,2.5",SATA,SATA3,960,0.614,Micron,CPL,Micron MTFDDAK960TDN-1AT1ZABYY 5200 MAX 960GB 2.5" SATA3 6Gbps 7mm Server Data Centre SSD
2019-10-30,95.00,M.2,NVME,?,256,0.371,Micron,CPL,Micron MTFDHBA256TCK-1AS1AABYY 2200 256GB M.2 NVMe Non SED Client Solid State Drive
2019-10-30,145.00,M.2,NVME,?,512,0.283,Micron,CPL,Micron MTFDHBA512TCK-1AS1AABYY 2200 512GB M.2 NVMe Non SED Client Solid State Drive
2019-10-30,349.00,2.5",SATA,SATA,960,0.364,OCZ,CPL,OCZ 960GB TRN150-25SAT3-960G Trion 150 Series SATA III 2.5" SSD
2019-10-30,99.00,?,?,Not storage,?,?,?,MSY,One-Touch NFC for easy connection Integrated SD Card reader expands storage capacity Connect up to five devices simultaneously Splash-proof design with IP43 water resistance Intuitive_ easy-to-use companion app
2019-10-30,159.00,?,SATA,SATA,1000,0.159,Patriot,CPL,Patriot P200S1TB25 1TB SATA III SSD 530/460
2019-10-30,45.00,?,SATA,SATA,256,0.176,Patriot,CPL,Patriot P200S256G25 256G SATA III SSD 530/460
2019-10-30,549.00,mSATA,SATA,?,128,4.289,Qnap,CPL,Qnap SSD-MSATA-256GB-A01 2 X 128 GB MSATA SSD_ 6GB/S_ INTERNAL SSD MODULE 
2019-10-30,195.00,2.5",SATA,SATA3,1000,0.195,Samsung,CPL,SAMSUNG MZ-76E1T0BW 1TB 860 EVO 2.5" SATA3 SSD
2019-10-30,449.00,2.5",SATA,SATA3,2000,0.225,Samsung,CPL,SAMSUNG MZ-76E2T0BW 2TB 860 EVO 2.5" SATA3 SSD
2019-10-30,925.00,2.5",SATA,SATA3,4000,0.231,Samsung,CPL,SAMSUNG MZ-76E4T0BW 860 EVO 4TB 2.5" SATA3 SSD
2019-10-30,109.00,2.5",SATA,SATA3,500,0.218,Samsung,CPL,SAMSUNG MZ-76E500BW 500GB 860 EVO 2.5" SATA3 SSD
2019-10-30,375.00,2.5",SATA,SATA3,1000,0.375,Samsung,CPL,SAMSUNG MZ-76P1T0BW 1TB 860 Pro 2.5" SATA3 SSD
2019-10-30,118.00,2.5",SATA,SATA3,256,0.461,Samsung,CPL,SAMSUNG MZ-76P256BW 256GB 860 Pro 2.5" SATA3 SSD
2019-10-30,659.00,2.5",SATA,SATA3,2000,0.330,Samsung,CPL,SAMSUNG MZ-76P2T0BW 2TB 860 Pro 2.5" SATA3 SSD
2019-10-30,194.00,2.5",SATA,SATA3,512,0.379,Samsung,CPL,SAMSUNG MZ-76P512BW 512GB 860 Pro 2.5" SATA3 SSD
2019-10-30,329.00,2.5",SATA,SATA,2000,0.165,Samsung,CPL,SAMSUNG MZ-76Q2T0BW 2TB 860 QVO 2.5 SATA SSD 
2019-10-30,679.00,2.5",SATA,SATA,4000,0.170,Samsung,CPL,SAMSUNG MZ-76Q4T0BW 860 QVO 2.5 SATA III 4TB
2019-10-30,239.00,mSATA,SATA,?,500,0.478,Samsung,CPL,SAMSUNG MZ-M5E500BW 500GB 850 EVO mSATA SSD (540MB/s Read_ 520MB/s Write)
2019-10-30,949.00,?,?,?,4000,0.237,SanDisk,CPL,SANDISK SDSSDH3-4T00-G25 ULTRA 3D SSD SDSSDH3-4T00 4TB
2019-10-30,149.00,3.5",SATA?,?,1000,0.149,Seagate,CPL,SEAGATE ST1000NM0008 1TB Enterprise Capacity 3.5 HDD 
2019-10-30,189.00,?,SAS,?,1000,0.189,Seagate,CPL,SEAGATE ST1000NM001A EXOS 7E8 HDD 512N 1TB SAS
2019-10-30,749.00,3.5",SATA?,?,12000,0.062,Seagate,CPL,SEAGATE ST12000DM001 BarraCuda Pro 12TB 3.5in HDD
2019-10-30,789.00,3.5",SATA?,?,14000,0.056,Seagate,CPL,SEAGATE ST14000NE0008 IronWolf Pro 14TB 3.5" NAS HDD
2019-10-30,729.00,3.5",SATA?,?,14000,0.052,Seagate,CPL,SEAGATE ST14000VN0008 IronWolf 14TB 3.5" NAS HDD 
2019-10-30,1099.00,?,SATA,SATA,16000,0.069,Seagate,CPL,SEAGATE ST16000NM001G EXOS X16 HDD 512E/4KN 16TB SATA
2019-10-30,1129.00,?,SAS,?,16000,0.071,Seagate,CPL,SEAGATE ST16000NM002G EXOS X16 HDD 512E/4KN 16TB SAS
2019-10-30,949.00,3.5",SATA,SATA,16000,0.059,Seagate,CPL,SEAGATE ST16000VE000 16TB Seagate SkyHawk AI SURVEILLANCE 3.5" SATA DRIVE
2019-10-30,229.00,?,SATA,SATA,2000,0.115,Seagate,CPL,SEAGATE ST2000NM001A EXOS 7E8 HDD 512E/4KN 2TB SATA
2019-10-30,249.00,?,SAS,?,2000,0.124,Seagate,CPL,SEAGATE ST2000NM004A EXOS 7E8 HDD 512E/4KN 2TB SAS
2019-10-30,119.00,3.5",SATA,SATA,3000,0.040,Seagate,CPL,SEAGATE ST3000DM007 Barracuda 3TB 3.5" SATA HDD
2019-10-30,329.00,?,SATA,SATA,3000,0.110,Seagate,CPL,SEAGATE ST3000NM000A EXOS 7E8 HDD 512N 3TB SATA
2019-10-30,339.00,?,SAS,?,3000,0.113,Seagate,CPL,SEAGATE ST3000NM001A EXOS 7E8 HDD 512N 3TB SAS
2019-10-30,309.00,3.5",SAS,?,3000,0.103,Seagate,CPL,SEAGATE ST3000NM0025 ENT CAP V5 3TB 3.5IN SAS 512N HDD
2019-10-30,329.00,?,SATA,SATA,4000,0.082,Seagate,CPL,SEAGATE ST4000NM002A EXOS 7E8 HDD 512E/4KN 4TB SATA
2019-10-30,339.00,?,SAS,?,4000,0.085,Seagate,CPL,SEAGATE ST4000NM005A EXOS 7E8 HDD 512E/4KN 4TB SAS
2019-10-30,305.00,3.5",SATA,SATA3,4000,0.076,Seagate,CPL,SEAGATE ST4000NM0115 ENT CAP V5 4TB 3.5IN SATA3 512E HDD
2019-10-30,379.00,?,SATA,SATA,6000,0.063,Seagate,CPL,SEAGATE ST6000NM021A EXOS 7E8 HDD 512E/4KKN 6TB SATA
2019-10-30,419.00,?,SAS,?,6000,0.070,Seagate,CPL,SEAGATE ST6000NM029A EXOS 7E8 HDD 512E/4KN 6TB SAS
2019-10-30,274.00,3.5",SATA,SATA,6000,0.046,Seagate,CPL,SEAGATE ST6000VN0033 6TB 3.5" Ironwolf NAS SATA HDD  
2019-10-30,389.00,2.5",SAS,?,600,0.648,Seagate,CPL,SEAGATE ST600MP0006 600GB EXOS Enterprise 512N Internal 2.5" SAS DRIVE
2019-10-30,499.00,?,SATA,SATA,8000,0.062,Seagate,CPL,SEAGATE ST8000NM000A EXOS 7E8 HDD 512E/4KN 8TB SATA
2019-10-30,539.00,?,SAS,?,8000,0.067,Seagate,CPL,SEAGATE ST8000NM001A EXOS 7E8 HDD 512E/4KN 8TB SAS
2019-10-30,539.00,3.5",SAS,?,8000,0.067,Seagate,CPL,SEAGATE ST8000NM0156 EXOS X10 8TB HELIUM ENT CAP 3.5IN SAS
2019-10-30,499.00,3.5",SATA,SATA,8000,0.062,Seagate,CPL,SEAGATE ST8000NM0206 HELIUM ENT CAP 8TB 3.5IN SATA 6GB/S 7200
2019-10-30,259.00,2.5",SATA,SATA,1000,0.259,Seagate,CPL,SEAGATE ZA1000CM10002 1TB BARRACUDA SSD_ 2.5" SATA
2019-10-30,184.00,?,SATA,SATA,1000,0.184,Seagate,CPL,SEAGATE ZA1000CM1A002 BARRACUDA SSD 1TB SATA
2019-10-30,509.00,2.5",SATA,SATA,2000,0.255,Seagate,CPL,SEAGATE ZA2000CM10002 2TB BARRACUDA SSD_ 2.5" SATA
2019-10-30,449.00,?,SATA,SATA,2000,0.225,Seagate,CPL,SEAGATE ZA2000CM1A002 BARRACUDA SSD 2TB SATA
2019-10-30,99.00,2.5",SATA,SATA,250,0.396,Seagate,CPL,SEAGATE ZA250CM10002 250GB BARRACUDA SSD_ 2.5" SATA
2019-10-30,65.00,?,SATA,SATA,250,0.260,Seagate,CPL,SEAGATE ZA250CM1A002 BARRACUDA SSD 250GB SATA
2019-10-30,139.00,2.5",SATA,SATA,500,0.278,Seagate,CPL,SEAGATE ZA500CM10002 500GB BARRACUDA SSD_ 2.5" SATA
2019-10-30,105.00,?,SATA,SATA,500,0.210,Seagate,CPL,SEAGATE ZA500CM1A002 BARRACUDA SSD 500GB SATA
2019-10-30,419.00,?,NVME,PCIe3 x4,1000,0.419,Seagate,CPL,SEAGATE ZP1000GM30011 FIRECUDA 510 1TB NVMe PCIE G3 X4
2019-10-30,679.00,?,NVME,PCIe3 x4,2000,0.340,Seagate,CPL,SEAGATE ZP2000GM30021 FIRECUDA 510 2TB NVMe PCIE G3 X4
2019-10-30,129.00,M.2,NVME,PCIe3 x4,256,0.504,Seagate,CPL,SEAGATE ZP256CM30041 BARRACUDA 510 256GB M.2 PCIE G3 X4
2019-10-30,189.00,M.2,NVME,PCIe3 x4,512,0.369,Seagate,CPL,SEAGATE ZP512CM30041 BARRACUDA 510 512GB M.2 PCIE G3 X4
2019-10-30,199.00,?,SATA,SATA,1000,0.199,Samsung,MSY,Samsung 860 EVO (MZ-76E1T0BW) 1TB SATA III SSD Solid State Drive
2019-10-30,93.00,?,SATA,SATA,250,0.372,Samsung,MSY,Samsung 860 EVO (MZ-76E250BW) 250GB SATA III SSD Solid State Drive
2019-10-30,459.00,?,SATA,SATA,2000,0.230,Samsung,MSY,Samsung 860 EVO (MZ-76E2T0BW) 2TB SATA III SSD Solid State Drive
2019-10-30,9999.00,?,SATA,SATA,4000,2.500,Samsung,MSY,Samsung 860 EVO (MZ-76E4T0BW) 4TB SATA III SSD Solid State Drive
2019-10-30,109.00,?,SATA,SATA,500,0.218,Samsung,MSY,Samsung 860 EVO (MZ-76E500BW) 500GB SATA III SSD Solid State Drive
2019-10-30,188.00,mSATA,SATA,?,1000,0.188,Samsung,MSY,Samsung 860 EVO (MZ-M6E1T0BW) 1TB mSATA SSD Solid State DriveCLEARANCE ITEM. Product may be refurbished or ex-demo or missing package/accessories. Please check before purchase.
2019-10-30,96.00,mSATA,SATA,?,500,0.192,Samsung,MSY,Samsung 860 EVO (MZ-M6E500BW) 500GB mSATA SSD Solid State DriveCLEARANCE ITEM. Product may be refurbished or ex-demo or missing package/accessories. Please check before purchase.
2019-10-30,67.00,M.2,?,?,250,0.268,Samsung,MSY,Samsung 860 EVO (MZ-N6E250BW) 250GB M.2. SSD Solid State DriveCLEARANCE ITEM. Product may be refurbished or ex-demo or missing package/accessories. Please check before purchase.
2019-10-30,215.00,M.2,?,?,1000,0.215,Samsung,CPL,Samsung 860 EVO Series 1TB M.2 SSD MZ-N6E1T0BW
2019-10-30,92.00,M.2,?,?,250,0.368,Samsung,CPL,Samsung 860 EVO Series 250GB M.2 SSD MZ-N6E250BW
2019-10-30,128.00,M.2,?,?,500,0.256,Samsung,CPL,Samsung 860 EVO Series 500GB M.2  2280 SSD MZ-N6E500BW
2019-10-30,382.00,?,SATA,SATA,1000,0.382,Samsung,MSY,Samsung 860 PRO (MZ-76P1T0BW) 1TB SATA III SSD Solid State Drive
2019-10-30,119.00,?,SATA,SATA,256,0.465,Samsung,MSY,Samsung 860 PRO (MZ-76P256BW) 256GB SATA III SSD Solid State Drive
2019-10-30,649.00,?,SATA,SATA,2000,0.325,Samsung,MSY,Samsung 860 PRO (MZ-76P2T0BW) 2TB SATA III SSD Solid State Drive
2019-10-30,195.00,?,SATA,SATA,512,0.381,Samsung,MSY,Samsung 860 PRO (MZ-76P512BW) 512GB SATA III SSD Solid State Drive
2019-10-30,319.00,2.5",SATA,SATA3,2000,0.160,Samsung,MSY,Samsung 860 QVO (MZ-76Q2T0BW) 2TB SATAIII 2.5" 7mm V-Nand 4bit MLC SSD Solid State Drive
2019-10-30,719.00,2.5",SATA,SATA3,4000,0.180,Samsung,MSY,Samsung 860 QVO (MZ-76Q4T0BW) 4TB SATAIII 2.5" 7mm V-Nand 4bit MLC SSD Solid State Drive
2019-10-30,505.00,M.2,?,?,2000,0.253,Samsung,MSY,Samsung 970 EVO (MZ-V7E2T0BW) 2TB M.2 SSD Solid State Drive
2019-10-30,319.00,M.2,?,?,1000,0.319,Samsung,CPL,Samsung 970 EVO Plus Series 1TB M.2 SSD MZ-V7S1T0BW 5Y
2019-10-30,117.00,M.2,?,?,250,0.468,Samsung,CPL,Samsung 970 EVO Plus Series 250GB M.2 SSD MZ-V7S250BW 5Y
2019-10-30,639.00,M.2,?,?,2000,0.320,Samsung,CPL,Samsung 970 EVO Plus Series 2TB M.2 SSD MZ-V7S2T0BW 5Y
2019-10-30,169.00,M.2,?,?,500,0.338,Samsung,CPL,Samsung 970 EVO Plus Series 500GB M.2 SSD MZ-V7S500BW 5Y
2019-10-30,459.00,M.2,?,?,1000,0.459,Samsung,MSY,Samsung 970 PRO (MZ-V7P1T0BW) 1TB M.2 SSD Solid State Drive
2019-10-30,219.00,M.2,?,?,512,0.428,Samsung,MSY,Samsung 970 PRO (MZ-V7P512BW) 512GB M.2 SSD Solid State Drive
2019-10-30,799.00,M.2,NVME,?,1920,0.416,Samsung,CPL,Samsung MZ-1LB1T9NE 1.92TB 983 DCT NVMe M.2 Enterprise SSD
2019-10-30,459.00,M.2,NVME,?,960,0.478,Samsung,CPL,Samsung MZ-1LB960NE 960GB  983 DCT NVMe M.2 Enterprise SSD
2019-10-30,1129.00,?,?,?,3840,0.294,Samsung,CPL,Samsung MZ-76E3T8E 860 DCT 3.84TB SSD
2019-10-30,165.00,2.5",SATA,SATA,1000,0.165,Samsung,CPL,Samsung MZ-76Q1T0BW 1TB 860 QVO 2.5 SATA SSD 
2019-10-30,329.00,?,?,?,512,0.643,Samsung,CPL,Samsung MZ-7KE512BW 850 Pro 512GB SSD 3D V-NAND_ R/W 540MBs/520MBs
2019-10-30,659.00,2.5",SATA,SATA3,1920,0.343,Samsung,CPL,Samsung MZ-7LH1T9NE 1920GB 883 DCT Series 2.5In 7MM SATAIII
2019-10-30,129.00,2.5",SATA?,?,240,0.537,Samsung,CPL,Samsung MZ-7LH240NE 240GB 883 DCT Series 2.5In 7MM SATAIII
2019-10-30,1249.00,2.5",SATA?,?,3840,0.325,Samsung,CPL,Samsung MZ-7LH3T8NE 3840GB 883 DCT Series 2.5In 7MM SATAIII
2019-10-30,209.00,2.5",SATA,SATA3,480,0.435,Samsung,CPL,Samsung MZ-7LH480NE 480GB 883 DCT Series 2.5In 7MM SATAIII
2019-10-30,399.00,2.5",SATA?,?,960,0.416,Samsung,CPL,Samsung MZ-7LH960NE 960GB 883 DCT Series 2.5In 7MM SATAIII
2019-10-30,105.00,M.2,?,?,120,0.875,Samsung,CPL,Samsung MZ-N5E120BW 850 EVO M.2 120GB SSD 540/520MB R/W 3DV-NAND 2280
2019-10-30,139.00,M.2,?,?,250,0.556,Samsung,CPL,Samsung MZ-N5E250BW 850 EVO M.2 (2280) 250GB SSD 540/500MB R/W 3DV-NAND 2280
2019-10-30,458.00,M.2,SATA,SATA,2000,0.229,Samsung,CPL,Samsung MZ-N6E2T0BW 860 Evo 2TB M.2 SATA III 6GB/s V-NAND SSD
2019-10-30,859.00,?,?,?,1920,0.447,Samsung,CPL,Samsung MZ-QLB1T9NE 983 DCT 1.92TB SSD
2019-10-30,459.00,U.2,NVME,?,960,0.478,Samsung,CPL,Samsung MZ-QLB960NE 960GB 983 DCT NVMe U.2 Enterprise SSD
2019-10-30,490.00,M.2,?,?,1000,0.490,Samsung,CPL,Samsung MZ-V6E1T0BW 960 EVO 1TB M.2 SSD
2019-10-30,118.00,M.2,?,?,250,0.472,Samsung,CPL,Samsung MZ-V7E250BW 5Y 970 EVO Series 250GB M.2 SSD 
2019-10-30,145.00,M.2,?,?,500,0.290,Samsung,CPL,Samsung MZ-V7E500BW 970 EVO Series 500GB M.2 SSD
2019-10-30,459.00,M.2,?,?,1000,0.459,Samsung,CPL,Samsung MZ-V7P1T0BW 970 Pro 1TB M.2  SSD
2019-10-30,219.00,M.2,NVME,?,512,0.428,Samsung,CPL,Samsung MZ-V7P512BW 512GB 970 PRO NVMe M.2 SSD 
2019-10-30,309.00,?,USB,USB 3.1,1000,0.309,Samsung,MSY,Samsung Portable SSD T5 (MU-PA1T0B/WW) 1TB USB3.1 (Gen2) External HDD
2019-10-30,109.00,?,USB,USB 3.1,250,0.436,Samsung,MSY,Samsung Portable SSD T5 (MU-PA250B/WW) 250GB USB3.1 (Gen2) External HDD
2019-10-30,549.00,?,USB,USB 3.1,2000,0.275,Samsung,MSY,Samsung Portable SSD T5 (MU-PA2T0B/WW) 2TB USB3.1 (Gen2) External HDD
2019-10-30,134.00,?,USB,USB 3.1,500,0.268,Samsung,MSY,Samsung Portable SSD T5 (MU-PA500B/WW) 500GB USB3.1 (Gen2) External HDD
2019-10-30,115.00,?,?,?,?,?,?,MSY,Samsungâ€™s latest V-NAND technology Dynamic Thermal Guard Intelligent TurboWrite
2019-10-30,35.00,?,?,?,120,0.292,SanDisk,CPL,SanDisk SDSSDA-120G-G27 120GB PLUS Solid State Drive
2019-10-30,245.00,?,?,?,1000,0.245,SanDisk,CPL,SanDisk SDSSDH3-1T00-G25 1TB Ultra 3D SSD
2019-10-30,69.00,?,?,?,250,0.276,SanDisk,CPL,SanDisk SDSSDH3-250G-G25 250GB Ultra 3D SSD
2019-10-30,379.00,?,?,?,2000,0.190,SanDisk,CPL,SanDisk SDSSDH3-2T00-G25 2TB Ultra 3D SSD
2019-10-30,115.00,?,?,?,500,0.230,SanDisk,CPL,SanDisk SDSSDH3-500G-G25 500GB Ultra 3D SSD
2019-10-30,49.00,?,?,?,240,0.204,SanDisk,CPL,Sandisk 240GB Plus SSD SDSSDA-240G-Q25
2019-10-30,289.00,?,USB,?,1000,0.289,SanDisk,MSY,Sandisk Extreme (SDSSDE60-1T00-G25) 1TB Portable SSD Black USB Type-A and Type-C Drive
2019-10-30,119.00,?,?,?,250,0.476,SanDisk,MSY,Sandisk Extreme (SDSSDE60-250G-G25) 250GB Portable SSD Black USB Type-A and Type-C Drive.
2019-10-30,149.00,?,USB,?,500,0.298,SanDisk,MSY,Sandisk Extreme (SDSSDE60-500G-G25) 500GB Portable SSD Black USB Type-A and Type-C Drive
2019-10-30,89.00,?,SATA,SATA3,480,0.185,SanDisk,MSY,Sandisk SSD PLUS SDSSDA-480G  480GB SATA3 SSD Solid State Drive
2019-10-30,199.00,?,SATA,SATA3,1000,0.199,SanDisk,MSY,Sandisk Ultra 3D SSD (SDSSDH3-1T00) 1TB SATA3 SSD Solid State Drive
2019-10-30,114.00,3.5",SATA,RPM:  5400,3000,0.038,?,MSY,Seagata 3.5" BarraCuda 3TB ST3000DM007 SATA 6Gb/s 5400RPM 256MB Cache Hard Disk Drive
2019-10-30,169.00,?,USB,USB 3.0,4000,0.042,Seagate,MSY,Seagate (STEA4000400) 4TB USB 3.0 Expansion Portable Hard Drive
2019-10-30,69.00,2.5",SATA,RPM:  5400,1000,0.069,Seagate,MSY,Seagate 2.5" Barracuda 1TB ST1000LM048 SATA 6Gb/s 5400rpm 7mm Notebook Hard Disk
2019-10-30,125.00,2.5",SATA,RPM:  5400,2000,0.062,Seagate,MSY,Seagate 2.5" Barracuda 2TB ST2000LM015 SATA 6Gb/s 5400rpm 7mm Notebook Hard Disk
2019-10-30,239.00,2.5",SATA,RPM:  5400,4000,0.060,Seagate,MSY,Seagate 2.5" Barracuda 4TB ST4000LM024 SATA 6Gb/s 5400rpm 15mm Notebook Hard Disk
2019-10-30,48.00,2.5",SATA,RPM:  5400,500,0.096,Seagate,MSY,Seagate 2.5" Barracuda 500GB ST500LM030 SATA 6Gb/s 5400rpm 7mm Notebook Hard DiskCLEARANCE ITEM. Product may be refurbished or ex-demo or missing package/accessories. Please check before purchase.
2019-10-30,149.00,2.5",SATA,SATA,2000,0.074,Seagate,MSY,Seagate 2.5" FireCuda SSHD 2TB ST2000LX001 SATA 6Gb/s 7mm Hybrid (8GB SSD+HDD) Hard Disk Drive
2019-10-30,135.00,2.5",SATA?,?,2000,0.068,Seagate,CPL,Seagate 2TB ST2000LM015 BarraCuda 2.5" HDD
2019-10-30,58.00,3.5",SATA,RPM:  7200,1000,0.058,Seagate,MSY,Seagate 3.5" BarraCuda 1TB ST1000DM010 SATA3 7200RPM 64MB HDD
2019-10-30,84.00,3.5",SATA,RPM:  7200,2000,0.042,Seagate,MSY,Seagate 3.5" BarraCuda 2TB (ST2000DM008) SATA3 7200rpm 256MB CACHE HDD
2019-10-30,149.00,3.5",SATA,RPM:  5400,4000,0.037,Seagate,MSY,Seagate 3.5" BarraCuda 4TB (ST4000DM005/ST4000DM004) SATA 6Gb/s 5400RPM 64MB Cache Hard Disk Drive
2019-10-30,312.00,3.5",SATA?,RPM:  5400,8000,0.039,Seagate,MSY,Seagate 3.5" BarraCuda 8TB (ST8000DM004)SATA 6Gb/s 5400RPM 64MB Cache Hard Disk Drive
2019-10-30,525.00,3.5",SATA,RPM:  7200,10000,0.052,Seagate,MSY,Seagate 3.5" BarraCuda PRO 10TB ST10000DM0004 SATA3 7200rpm 256MB Cache Hard Disk Drive
2019-10-30,389.00,3.5",SATA,RPM:  7200,8000,0.049,Seagate,MSY,Seagate 3.5" BarraCuda PRO 8TB ST8000DM005 SATA3 7200rpm 256MB Cache Hard Disk Drive
2019-10-30,109.00,3.5",SATA,RPM:  7200,1000,0.109,Seagate,MSY,Seagate 3.5" FireCuda SSHD 1TB ST1000DX002 NAND 8GB SATA3 7200rpm HDD
2019-10-30,145.00,3.5",SATA,RPM:  7200,2000,0.072,Seagate,MSY,Seagate 3.5" FireCuda SSHD 2TB ST2000DX002 NAND 8GB SATA3 7200rpm HDD
2019-10-30,139.00,3.5",SATA,SATA,3000,0.046,Seagate,CPL,Seagate 3TB SkyHawk Surveillance HDD 3.5" SATA ST3000VX009
2019-10-30,79.00,2.5",SATA,RPM:  5400,500,0.158,Seagate,CPL,Seagate 500GB ST500LX025 FireCuda SSHD 2.5"  SATA 6Gb/s 5400rpm
2019-10-30,419.00,3.5",SATA?,?,8000,0.052,Seagate,CPL,Seagate 8TB ST8000VN0002 3.5" NAS HDD
2019-10-30,439.00,?,SATA,SATA,8000,0.055,Seagate,CPL,Seagate Barracuda Pro 8TB ST8000DM0004 SATA HDD
2019-10-30,158.00,3.5",SATA?,?,4000,0.040,Seagate,CPL,Seagate Barracuda ST4000DM004 3.5" 4TB HDD
2019-10-30,399.00,3.5",SATA?,?,6000,0.067,Seagate,CPL,Seagate Exos 7E8 ST6000NM0115 Enterprise Capacity 3.5 HDD 6TB
2019-10-30,459.00,3.5",SATA,RPM:  7200,10000,0.046,Seagate,MSY,Seagate IronWolf NAS 3.5" 10TB ST10000VN0004/ ST10000VN0008 SATA3 7200rpm 256MB cache Hard Disk Drive
2019-10-30,139.00,3.5",SATA,RPM:  5900,3000,0.046,Seagate,MSY,Seagate IronWolf NAS 3.5" 3TB ST3000VN007 SATA3 5900rpm 64MB cache Hard Disk Drive
2019-10-30,249.00,3.5",SATA,RPM:  7200,6000,0.042,Seagate,MSY,Seagate IronWolf NAS 3.5" 6TB ST6000VN0041 SATA3 7200rpm 128MB cache Hard Disk Drive
2019-10-30,339.00,3.5",SATA,RPM:  7200,8000,0.042,Seagate,MSY,Seagate IronWolf NAS 3.5" 8TB ST8000VN0022 SATA3 7200rpm 256MB cache Hard Disk Drive
2019-10-30,295.00,?,?,?,480,0.615,Seagate,CPL,Seagate Nytro 1551 XA480ME10063 480GB SSD XA480ME10063
2019-10-30,549.00,?,?,?,960,0.572,Seagate,CPL,Seagate Nytro 1551 XA960ME10063 960GB SSD XA960ME10063
2019-10-30,559.00,?,?,?,10000,0.056,Seagate,CPL,Seagate ST10000DM0004 Barracuda Pro 10TB Desktop
2019-10-30,559.00,3.5",SATA,SATA,10000,0.056,Seagate,CPL,Seagate ST10000NE0008 10TB IRONWOLF NAS PRO INTERNAL 3.5" SATA DRIVE
2019-10-30,829.00,3.5",SATA,RPM:  7200,10000,0.083,Seagate,CPL,Seagate ST10000NM0016 10TB Exos X10 7200RPM SATA 3.5 HDD
2019-10-30,639.00,3.5",SATA,RPM:  7200,10000,0.064,Seagate,CPL,Seagate ST10000NM0086 Exos X10 HDD 512E SATA 10TB SATA 3.5" 7200RPM
2019-10-30,495.00,3.5",SATA,SATA3,10000,0.050,Seagate,CPL,Seagate ST10000VE0004 10TB SkyHawk Surveillance AI 3.5" SATA3 HDD
2019-10-30,489.00,3.5",SATA,SATA,10000,0.049,Seagate,CPL,Seagate ST10000VE0008 10TB SKYHAWK SURVEILLANCE AI INTERNAL 3.5" SATA DRIVE
2019-10-30,475.00,?,SATA,RPM:  7200,10000,0.048,Seagate,CPL,Seagate ST10000VN0008 IRONWOLF 10TB SATA 7200RPM 256MB
2019-10-30,459.00,?,?,?,10000,0.046,Seagate,CPL,Seagate ST10000VX0004 Skyhawk 10TB Surveillance
2019-10-30,479.00,3.5",SATA,RPM:  7200,10000,0.048,Seagate,CPL,Seagate ST10000VX0008 10TB SkyHawk Surveillance HDD 3.5" SATA 7200RPM
2019-10-30,59.00,?,?,?,1000,0.059,Seagate,CPL,Seagate ST1000DM010 Barracuda 1TB Desktop HDD
2019-10-30,109.00,3.5",SATA?,?,1000,0.109,Seagate,CPL,Seagate ST1000DX002 FIRECUDA 1TB SSHD 3.5"
2019-10-30,73.00,2.5",SATA,RPM:  5400,1000,0.073,Seagate,CPL,Seagate ST1000LM048 Barracuda 2.5In 1TB SATA HDD 5400RPM
2019-10-30,99.00,2.5",SATA?,?,1000,0.099,Seagate,CPL,Seagate ST1000LX015 1TB FireCuda 2.5In SSHD
2019-10-30,74.00,?,?,?,1000,0.074,Seagate,CPL,Seagate ST1000VX005 Skyhawk 1TB Surveillance HDD
2019-10-30,699.00,3.5",SATA,SATA3,12000,0.058,Seagate,CPL,Seagate ST12000NE0007 12TB 3.5' IronWolf PRO NAS SATA3 HDD
2019-10-30,689.00,3.5",SATA,SATA,12000,0.057,Seagate,CPL,Seagate ST12000NE0008 12TB IronWolf NAS PRO 3.5" SATA DRIVE
2019-10-30,819.00,3.5",SAS,?,12000,0.068,Seagate,CPL,Seagate ST12000NM0007 12TB EXOS X12 Internal 3.5" SAS DRIVE
2019-10-30,879.00,3.5",SATA,SATA,12000,0.073,Seagate,CPL,Seagate ST12000NM0008 12TB EXOS ENTERPRISE 512E INTERNAL 3.5" SATA 
2019-10-30,799.00,3.5",SAS,RPM:  7200,12000,0.067,Seagate,CPL,Seagate ST12000NM0027 HELIUM ENT CAP 12TB 3.5IN SAS 12GB/S 7200RPM 256MB CACHE 512E NO ENCRYPTION HDD
2019-10-30,659.00,3.5",SATA,SATA,12000,0.055,Seagate,CPL,Seagate ST12000VE0008 12TB SKYHAWK SURVEILLANCE AI INTERNAL 3.5" SATA DRIVE 
2019-10-30,599.00,3.5",SATA,SATA,12000,0.050,Seagate,CPL,Seagate ST12000VN0008 12TB IronWolf NAS 3.5" SATA DRIVE
2019-10-30,439.00,2.5",SAS,?,1200,0.366,Seagate,CPL,Seagate ST1200MM0139 1.20 TB 2.5" SAS Hard Drive
2019-10-30,1189.00,3.5",SATA,SATA,14000,0.085,Seagate,CPL,Seagate ST14000NM0018 14TB Exos Enterprise 512E/4Kn Internal 3.5" Sata Drive
2019-10-30,999.00,3.5",SATA,SATA,14000,0.071,Seagate,CPL,Seagate ST14000NM001G 14TB EXOS ENTERPRISE 512E4KN INTERNAL 3.5" SATA DRIVE
2019-10-30,1148.00,3.5",SAS,?,14000,0.082,Seagate,CPL,Seagate ST14000NM002G 14TB EXOS ENTERPRISE 512E4KN INTERNAL 3.5" SAS DRIVE
2019-10-30,799.00,3.5",SATA,SATA,14000,0.057,Seagate,CPL,Seagate ST14000VE0008 14TB SKYHAWK SURVEILLANCE AI INTERNAL 3.5" SATA DRIVE 
2019-10-30,1058.00,?,SATA,SATA,16000,0.066,Seagate,CPL,Seagate ST16000NE000 IRONWOLF PRO 16TB SATA
2019-10-30,869.00,3.5",SATA,SATA,16000,0.054,Seagate,CPL,Seagate ST16000VN001 Ironwolf 16TB 3.5" SATA NAS DRIVE
2019-10-30,579.00,2.5",SAS,?,1800,0.322,Seagate,CPL,Seagate ST1800MM0129 1.8TB Exos 10E2400 HDD 512E/4KN 2.5" SAS Drive
2019-10-30,3349.00,?,SAS,?,1920,1.744,Seagate,CPL,Seagate ST1920FM0043 1200.2 SAS SSD SE 1920GB 4096MB Cache
2019-10-30,88.00,3.5",SATA,SATA3,2000,0.044,Seagate,CPL,Seagate ST2000DM008 Barracuda 2TB 3.5" SATA3 HDD
2019-10-30,189.00,?,?,?,2000,0.095,Seagate,CPL,Seagate ST2000DM009 Barracuda PRO 2TB DESKTOP HDD
2019-10-30,152.00,?,?,?,2000,0.076,Seagate,CPL,Seagate ST2000DX002 Firecuda 2TB SSHD 
2019-10-30,155.00,2.5",SATA,RPM:  5400,2000,0.077,Seagate,CPL,Seagate ST2000LX001 Firecuda 2.5In 2TB SSHD SATA HDD 5400RPM
2019-10-30,169.00,?,SATA,SATA,2000,0.085,Seagate,CPL,Seagate ST2000NE0025 2TB IronWolf Pro SATA  Enterprise NAS Drive
2019-10-30,219.00,3.5",SATA,RPM:  7200,2000,0.110,Seagate,CPL,Seagate ST2000NM0008 Exos 7E2 HDD 512N SATA 3.5" 2TB 7200RPM 128MB CACHE NO ENCRYPTION 5YRS
2019-10-30,239.00,3.5",SAS,RPM:  7200,2000,0.119,Seagate,CPL,Seagate ST2000NM0045 Exos 7E8 HDD 512N SAS 3.5" 2TB 7200RPM 128MB CACHE NO ENCRYPTION 5YRS
2019-10-30,219.00,3.5",SATA?,?,2000,0.110,Seagate,CPL,Seagate ST2000NM0125 Enterprise PERFORMANCE 2TB Internal 3.5"SATA Drive
2019-10-30,119.00,?,?,?,2000,0.059,Seagate,CPL,Seagate ST2000VN004 Ironwolf 2TB NAS HDD 
2019-10-30,105.00,?,?,?,2000,0.052,Seagate,CPL,Seagate ST2000VX008 Skyhawk 2TB Surveillance HDD
2019-10-30,699.00,2.5",SAS,?,2400,0.291,Seagate,CPL,Seagate ST2400MM0129 2.4TB_ EXOS ENTERPRISE 512E INTERNAL 2.5" SAS DRIVE
2019-10-30,194.00,2.5",SATA,RPM:  5400,3000,0.065,Seagate,CPL,Seagate ST3000LM024 Barracuda 2.5IN 3TB SATA HDD 5400RPM
2019-10-30,309.00,3.5",SATA,SATA3,3000,0.103,Seagate,CPL,Seagate ST3000NM0005 Enterprise Capacity V5 3TB 3.5IN SATA3 512N HDD
2019-10-30,145.00,?,?,?,3000,0.048,Seagate,CPL,Seagate ST3000VN007 Ironwolf 3TB NAS HDD
2019-10-30,264.00,?,?,?,4000,0.066,Seagate,CPL,Seagate ST4000DM006 Barracuda PRO 4TB DESKTOP HDD
2019-10-30,245.00,2.5",SATA?,?,4000,0.061,Seagate,CPL,Seagate ST4000LM024 4TB 2.5In Barracuda HDD
2019-10-30,259.00,?,SATA,SATA,4000,0.065,Seagate,CPL,Seagate ST4000NE0025 4TB IRONWOLF Pro SATA
2019-10-30,325.00,3.5",SAS,?,4000,0.081,Seagate,CPL,Seagate ST4000NM0025 Enterprise Capacity V5 4TB 3.5IN SAS 512N HDD
2019-10-30,309.00,3.5",SATA,SATA,4000,0.077,Seagate,CPL,Seagate ST4000NM0045 4TB Enterprise Capacity 512E INTERNAL 3.5" SATA DRIVE
2019-10-30,179.00,?,?,?,4000,0.045,Seagate,CPL,Seagate ST4000VN008 Ironwolf 4TB NAS HDD
2019-10-30,175.00,?,?,?,4000,0.044,Seagate,CPL,Seagate ST4000VX007 Skyhawk 4TB Surveillance HDD
2019-10-30,62.00,2.5",SATA,SATA,500,0.124,Seagate,CPL,Seagate ST500LM030 2.5" 500GB_ Barracuda SATA HDD
2019-10-30,249.00,?,SATA,SATA,6000,0.042,Seagate,CPL,Seagate ST6000DM003 Barracuda 6TB SATA HDD
2019-10-30,349.00,3.5",SATA?,?,6000,0.058,Seagate,CPL,Seagate ST6000DM004 Barracuda Pro 6TB 3.5" Desktop HDD
2019-10-30,379.00,3.5",SATA,RPM:  7200,6000,0.063,Seagate,CPL,Seagate ST6000NE000 IRONWOLF PRO 6TB SATA 3.5IN 256MB_ 7200RPM  ENTERPRISE NAS
2019-10-30,399.00,3.5",SATA,SATA,6000,0.067,Seagate,CPL,Seagate ST6000NE0021 Ironwolf Pro 6TB SATA 3.5in 256MB NAS HDD
2019-10-30,435.00,3.5",SAS,?,6000,0.072,Seagate,CPL,Seagate ST6000NM0095 6TB EXOS SAS Enterprise 512E Internal 3.5" HDD
2019-10-30,389.00,3.5",SATA?,?,6000,0.065,Seagate,CPL,Seagate ST6000NM0235 Enterprise Capacity 6TB 3.5 HDD
2019-10-30,259.00,3.5",SATA,SATA3,6000,0.043,Seagate,CPL,Seagate ST6000VX001 6TB SkyHawk 3.5" SATA3 Surveillance Hard Drive 
2019-10-30,269.00,?,?,?,6000,0.045,Seagate,CPL,Seagate ST6000VX0023 6TB SkyHawk Surveillance HDD
2019-10-30,263.00,?,?,RPM: 10000,600,0.438,Seagate,CPL,Seagate ST600MM0208 600GB Enterprise Performance 10K HDD
2019-10-30,339.00,3.5",SATA,SATA,8000,0.042,Seagate,CPL,Seagate ST8000AS0003 Exos 5E8 8TB 3.5" SATA 6Gb/s Archive HDD
2019-10-30,328.00,3.5",SATA?,?,8000,0.041,Seagate,CPL,Seagate ST8000DM004 8TB Barracuda 3.5" HDD
2019-10-30,459.00,3.5",SATA,RPM:  7200,8000,0.057,Seagate,CPL,Seagate ST8000NE001 8TB IronWolf Pro NAS HDD 3.5" SATA 7200RPM 256MB
2019-10-30,519.00,?,SAS,?,8000,0.065,Seagate,CPL,Seagate ST8000NM0075 8TB Enterprise SAS HDD
2019-10-30,429.00,3.5",SATA,SATA3,8000,0.054,Seagate,CPL,Seagate ST8000VE0004 8TB SkyHawk Surveillance AI 3.5" SATA3 HDD
2019-10-30,369.00,?,?,?,8000,0.046,Seagate,CPL,Seagate ST8000VN0022 8TB IronWolf NAS HDD
2019-10-30,358.00,?,?,RPM:  7200,8000,0.045,Seagate,CPL,Seagate ST8000VN004 IRONWOLF 8TB NAS 7200RPM 256 MB
2019-10-30,345.00,?,?,?,8000,0.043,Seagate,CPL,Seagate ST8000VX0022 8TB SkyHawk Surveillance HDD
2019-10-30,369.00,3.5",SATA,RPM:  7200,8000,0.046,Seagate,CPL,Seagate ST8000VX004 SkyHawk Surveillance HDD 3.5" 8TB SATA 7200RPM 256MB NO ENCRYPTION
2019-10-30,255.00,2.5",SATA,SATA,1000,0.255,Seagate,CPL,Seagate STGS1000401 1TB BARRACUDA SSD_ 2.5" SATA 
2019-10-30,389.00,2.5",SATA,SATA,2000,0.195,Seagate,CPL,Seagate STGS2000401 2TB BARRACUDA SSD_ 2.5" SATA 
2019-10-30,99.00,2.5",SATA,SATA,500,0.198,Seagate,CPL,Seagate STGS500401 500GB BARRACUDA SSD_ 2.5" SATA 
2019-10-30,377.00,3.5",SATA?,RPM:  7200,10000,0.038,Seagate,MSY,Seagate SkyHawk Surveillance 3.5" 10TB ST10000VX0004 7200rpm 256MB Cache RV Senso  Hard Disk DriveCLEARANCE ITEM. Product may be refurbished or ex-demo or missing package/accessories. Please check before purchase.
2019-10-30,68.00,3.5",SATA?,RPM:  7200,1000,0.068,Seagate,MSY,Seagate SkyHawk Surveillance 3.5" 1TB ST1000VX005 7200rpm 64MB Cache Hard Disk Drive
2019-10-30,99.00,3.5",SATA?,RPM:  7200,2000,0.050,Seagate,MSY,Seagate SkyHawk Surveillance 3.5" 2TB ST2000VX008 7200rpm 64MB Cache Hard Disk Drive
2019-10-30,119.00,3.5",SATA?,?,3000,0.040,Seagate,MSY,Seagate SkyHawk Surveillance 3.5" 3TB (ST3000VX009) 256MB cache Hard Disk Drive
2019-10-30,249.00,3.5",SATA?,?,6000,0.042,Seagate,MSY,Seagate SkyHawk Surveillance 3.5" 6TB ST6000VX0023 256MB Cache RV Sensors Hard Disk Drive
2019-10-30,999.00,2.5",SATA,SATA,1920,0.520,Seagate,CPL,Seagate XA1920LE10063 1920GB 2.5" 1DWPD_ NYTRO 1351_ 560R/535W-MB/s SATA SSD_ 5 Years Warranty
2019-10-30,869.00,2.5",SATA,SATA,1920,0.453,Seagate,CPL,Seagate XA1920ME10063 1920GB 2.5" 3DWPD_ NYTRO 1551_ 560R/535W-MB/s SATA SSD_ 5 Years Warranty
2019-10-30,189.00,2.5",SATA,SATA,240,0.787,Seagate,CPL,Seagate XA240LE10003 240GB 2.5" 1DWPD_ NYTRO 1351_ 560R/345W-MB/s SATA SSD_ 5 Years Warranty
2019-10-30,209.00,2.5",SATA,SATA,240,0.871,Seagate,CPL,Seagate XA240ME10003 240GB 2.5" 3DWPD_ NYTRO 1551_ 560R/535W-MB/s_ SATA SSD_ 5 Years Warranty
2019-10-30,1519.00,2.5",SATA,SATA,3840,0.396,Seagate,CPL,Seagate XA3840LE10063 NYTRO 1351 2.5" SATA 3840GB 560R/535W-MB/S 1DWPD
2019-10-30,1559.00,2.5",SATA,SATA,3840,0.406,Seagate,CPL,Seagate XA3840ME10063 NYTRO 1551 2.5" SATA 3840GB 560R/535W-MB/S 3DWPD
2019-10-30,249.00,2.5",SATA,SATA,480,0.519,Seagate,CPL,Seagate XA480LE10063 480GB 2_5" 1DWPD_ NYTRO 1351_ 560R/535W-MB/s_ SATA SSD_ 5 Years Warranty
2019-10-30,549.00,2.5",SATA,SATA,960,0.572,Seagate,CPL,Seagate XA960LE10063 960GB 2.5" 1DWPD_ NYTRO 1351_ 560R/535W-MB/s SATA SSD_ 5 Years Warranty
2019-10-30,175.00,2.5",SATA,SATA,240,0.729,Seagate,CPL,Seagate XF1230-1A0240 240GB Nytro XF1230 SSD_ 2.5" SATA 
2019-10-30,1389.00,2.5",SATA,SATA,1920,0.723,Seagate,CPL,Seagate XF1230-1A1920 1920GB Nytro XF1230 SSD_ 2.5" SATA
2019-10-30,725.00,2.5",SATA,SATA,1920,0.378,Seagate,CPL,Seagate ZA1920NM10011 IRONWOLF 110 SSD_ 2.5" SATA 1920GB_ 560R/345W-MB/S_ 5YR WTY
2019-10-30,135.00,2.5",SATA,SATA,240,0.562,Seagate,CPL,Seagate ZA240NM10011 IRONWOLF 110 SSD_ 2.5" SATA 240GB_ 560R/345W-MB/S_ 5YR WTY
2019-10-30,1349.00,2.5",SATA,SATA,3840,0.351,Seagate,CPL,Seagate ZA3840NM10011 IRONWOLF 110 SSD_ 2.5" SATA 3840GB_ 560R/345W-MB/S_ 5YR WTY
2019-10-30,215.00,2.5",SATA,SATA,480,0.448,Seagate,CPL,Seagate ZA480NM10011 IRONWOLF 110 SSD_ 2.5" SATA 480GB_ 560R/345W-MB/S_ 5YR WTY
2019-10-30,395.00,2.5",SATA,SATA,960,0.411,Seagate,CPL,Seagate ZA960NM10011 IRONWOLF 110 SSD_ 2.5" SATA 960GB_ 560R/345W-MB/S_ 5YR WTY
2019-10-30,61.00,?,USB,USB 3.0,1000,0.061,Toshiba,MSY,TOSHIBA (HDTB410AK3AA) 1TB Canvio Basic A3 USB3.0 Black Portable HDDCLEARANCE ITEM. Product may be refurbished or ex-demo or missing package/accessories. Please check before purchase.
2019-10-30,155.00,2.5",SATA,SATA3,480,0.323,Team,CPL,Team T2535T480G0C101 2.5" SSD 7mm 480GB L5 LITE SATA3
2019-10-30,199.00,?,?,?,500,0.398,Team,CPL,Team T253TR500G3C313 Delta RGB SSD 500GB Black
2019-10-30,169.00,?,?,?,500,0.338,Team,CPL,Team T253TR500G3C413 Delta RGB SSD 500GB White
2019-10-30,199.00,2.5",SATA?,?,1000,0.199,Team,CPL,Team T253TV001T3C301 T-Force Vulcan SSD 2.5" 3D NAND 1TB
2019-10-30,69.00,2.5",SATA?,?,250,0.276,Team,CPL,Team T253TV250G3C301 T-Force Vulcan SSD 2.5" 3D NAND 250GB
2019-10-30,115.00,2.5",SATA?,?,500,0.230,Team,CPL,Team T253TV500G3C301 T-Force Vulcan SSD 2.5" 3D NAND 500GB
2019-10-30,169.00,2.5",SATA,SATA,1000,0.169,Team,CPL,Team T253X2001T0C101 1TB GX2 2.5'' SATA SSD
2019-10-30,35.00,2.5",SATA,SATA,128,0.273,Team,CPL,Team T253X2128G0C101 128GB GX2 2.5'' SATA SSD
2019-10-30,49.00,2.5",SATA,SATA,256,0.191,Team,CPL,Team T253X2256G0C101 256GB GX2 2.5'' SATA SSD
2019-10-30,89.00,2.5",SATA,SATA,512,0.174,Team,CPL,Team T253X2512G0C101 512GB GX2 2.5'' SATA SSD
2019-10-30,269.00,2.5",SAS,RPM: 10000,600,0.448,Toshiba,CPL,Toshiba AL15SEB06EQ 2.5" 600GB 10K RPM SAS HDD
2019-10-30,335.00,2.5",SAS,RPM: 10000,900,0.372,Toshiba,CPL,Toshiba AL15SEB09EQ 2.5" 900GB 10K RPM SAS HDD
2019-10-30,409.00,2.5",SAS,RPM: 10000,1200,0.341,Toshiba,CPL,Toshiba AL15SEB12EQ 2.5" 1.2TB 10K RPM SAS HDD
2019-10-30,479.00,2.5",SAS,RPM: 10000,1800,0.266,Toshiba,CPL,Toshiba AL15SEB18EQ 2.5" 1.8TB 10K RPM SAS HDD
2019-10-30,59.00,3.5",SATA?,RPM:  7200,1000,0.059,Toshiba,CPL,Toshiba DT01ACA100 1TB 3.5 Inch 7200 RPM SATA3/SATA 6.0 GB/s 64MB Hard Drive 
2019-10-30,96.00,3.5",SATA,RPM:  7200,2000,0.048,Toshiba,CPL,Toshiba DT01ACA200 2TB 3.5" 7200RPM SATA3 Hard Drive
2019-10-30,55.00,3.5",SATA?,RPM:  7200,1000,0.055,Toshiba,CPL,Toshiba HDWD110UZSVA P300 Desktop INT 3.5" 1TB 7200RPM HDD
2019-10-30,385.00,3.5",SATA?,RPM:  7200,8000,0.048,Toshiba,CPL,Toshiba HDWF180UZSVA X300 Performance INT 3.5" 8TB 7200RPM HDD 128MB
2019-10-30,359.00,3.5",SATA,RPM:  7200,6000,0.060,Toshiba,CPL,Toshiba HDWG160UZSVA N300 NAS HDD 6TB 3.5" SATA 7200rpm
2019-10-30,379.00,3.5",SATA,RPM:  7200,8000,0.047,Toshiba,CPL,Toshiba HDWG180UZSVA N300 NAS HDD 8 TB 3.5" SATA 7200rpm
2019-10-30,195.00,3.5",SATA,RPM:  7200,4000,0.049,Toshiba,CPL,Toshiba HDWQ140UZSVA N300 NAS HDD 3.5" 4TB SATA 7200rpm
2019-10-30,599.00,3.5",SATA?,RPM:  7200,10000,0.060,Toshiba,CPL,Toshiba HDWR11AUZSVA 10TB X300 Performance INT 3.5" 7200RPM HDD 128MB
2019-10-30,659.00,3.5",SATA,RPM:  7200,10000,0.066,Toshiba,CPL,Toshiba HDWT31AUZSVA 10TB S300 Surveillance HDD 3.5" SONANCE 24x7 SATA 7200RPM
2019-10-30,279.00,3.5",SATA,RPM:  7200,6000,0.046,Toshiba,CPL,Toshiba HDWT360UZSVA 6TB S300 Surveillance HDD 3.5" SONANCE 24x7 SATA 7200RPM
2019-10-30,69.00,3.5",SATA?,RPM:  5700,1000,0.069,Toshiba,CPL,Toshiba HDWU110UZSVA 1TB V300 Video Stream INT 3.5" 5700RPM HDD
2019-10-30,109.00,3.5",SATA?,RPM:  5700,2000,0.054,Toshiba,CPL,Toshiba HDWU120UZSVA 2TB V300 Video Stream INT 3.5" 5700RPM HDD
2019-10-30,139.00,3.5",SATA?,RPM:  5700,3000,0.046,Toshiba,CPL,Toshiba HDWU130UZSVA 3TB V300 Video Stream INT 3.5" 5700RPM HDD
2019-10-30,265.00,3.5",SATA,RPM:  7200,6000,0.044,Toshiba,CPL,Toshiba MD04ACA600 6TB 7200RPM 3.5-Inch SATA HDD
2019-10-30,185.00,3.5",SAS,RPM:  7200,1000,0.185,Toshiba,CPL,Toshiba MG04SCA100 3.5" NEARLINE 1TB Enterprise Capacity SAS 7200RPM_ 6Gbps
2019-10-30,399.00,3.5",SAS,RPM:  7200,6000,0.067,Toshiba,CPL,Toshiba MG04SCA60EE 3.5" NEARLINE 6TB SAS 7200RPM_ 6Gbps
2019-10-30,999.00,?,SATA,RPM:  7200,14000,0.071,Toshiba,CPL,Toshiba MG07ACA14TE LFF 14TB 7200RPM Enterprise Capacity SATA HDD
2019-10-30,299.00,3.5",SATA?,RPM:  7200,6000,0.050,Toshiba,CPL,Toshiba MN05ACA600 3.5" NAS HDD 6TB 7200 rpm (24x7)
2019-10-30,52.00,2.5",SATA,SATA3,120,0.433,Transcend,CPL,Transcend TS120GSSD220S 120GB 2.5in SSD220S SATA3 TLC
2019-10-30,209.00,M.2,NVME,PCIe3 x4,1000,0.209,Transcend,CPL,Transcend TS1TMTE110S 1TB M.2 2280 PCIE GEN3X4 3D TLC DRAM-LES
2019-10-30,269.00,M.2,NVME,PCIe3 x4,1000,0.269,Transcend,CPL,Transcend TS1TMTE220S 1TB M.2 2280 PCIE GEN3X4 M-KEY 3D TLC WI
2019-10-30,74.00,2.5",SATA,SATA3,240,0.308,Transcend,CPL,Transcend TS240GSSD220S 240GB 2.5in SSD220S SATA3 TLC
2019-10-30,95.00,M.2,NVME,PCIe3 x4,256,0.371,Transcend,CPL,Transcend TS256GMTE220S 256GB M.2 2280 PCIE GEN3X4 M-KEY 3D TLC
2019-10-30,99.00,2.5",SATA,SATA3,480,0.206,Transcend,CPL,Transcend TS480GSSD220S 480GB 2.5IN SSD220S SATA3 TLC ALUMINUM C
2019-10-30,159.00,M.2,NVME,PCIe3 x4,512,0.311,Transcend,CPL,Transcend TS512GMTE220S 512GB M.2 2280 PCIE GEN3X4 M-KEY 3D TLC
2019-10-30,25.00,?,?,Not storage,?,?,?,MSY,UNITEK (Y-3363) 2.5" SATA3 to USB3.1 Type-C Black External HDD Enclosure
2019-10-30,267.00,3.5",SATA,RPM:  7200,4000,0.067,WD,CPL,WD 0B35950 4TB Ultrastar Enterprise 3.5" SATA_ 128MB Cache_ 24x7 7200RPM 6Gb/s. 5 Years Warranty
2019-10-30,339.00,3.5",SATA,RPM:  7200,6000,0.057,WD,CPL,WD 0B36039 6TB Ultrastar DC HC310 7200 RPM SATA 6.0Gb/s 3.5" Hard Drives 5 Years Warranty
2019-10-30,349.00,?,SAS,?,6000,0.058,WD,CPL,WD 0B36047 6TB Ultrastar Enterprise_ SAS ULTRA 512E SE P3 DC HC310
2019-10-30,319.00,3.5",SAS,?,4000,0.080,WD,CPL,WD 0B36048 4TB Ultrastar Enterprise_ 3.5' SAS 512E SE DC HC310
2019-10-30,479.00,3.5",SATA,SATA,8000,0.060,WD,CPL,WD 0B36404 8TB Ultrastar Enterprise HC320 3.5" SATA 256MB Hard Drive
2019-10-30,629.00,3.5",SAS,RPM:  7200,10000,0.063,WD,CPL,WD 0F27354 10TB Ultrastar Enterprise 3.5" SAS 512E SE 256MB 7200RPM 12GB
2019-10-30,929.00,3.5",SAS,?,14000,0.066,WD,CPL,WD 0F31052 14TB Ultrastar Enterprise 3.5" SAS 0F31052
2019-10-30,59.00,3.5",SATA,RPM:  7200,1000,0.059,WD,CPL,WD 1TB 3.5 Inch SATA3 7200rpm 64MB Caviar Blue Internal HDD WD10EZEX 
2019-10-30,119.00,3.5",SATA?,RPM:  7200,1000,0.119,WD,CPL,WD 1TB Black 7200RPM 6Gb/s 3.5-Inch Internal Hard Drive WD1003FZEX
2019-10-30,69.00,2.5",USB,USB 3.0,1000,0.069,WD,MSY,WD 2.5" 1TB Elements SE (WDBEPK0010BBK-WESN) USB3.0 Black Portable External Hard Disk
2019-10-30,73.00,2.5",USB,USB 3.0,1000,0.073,WD,MSY,WD 2.5" 1TB My Passport WDBYNN0010BBK-WESN USB3.0 Black Portable Hard Disk DriveCLEARANCE ITEM. Product may be refurbished or ex-demo or missing package/accessories. Please check before purchase.
2019-10-30,119.00,2.5",SATA,SATA,1000,0.119,WD,CPL,WD 2.5" 1TB Sata RED Internal HDD WD10JFCX
2019-10-30,93.00,2.5",USB,USB 3.0,2000,0.046,WD,MSY,WD 2.5" 2TB Elements SE (WDBEPK0020BBK-WESN) USB3.0 Black Portable External Hard DiskCLEARANCE ITEM. Product may be refurbished or ex-demo or missing package/accessories. Please check before purchase.
2019-10-30,106.00,2.5",USB,USB 3.0,3000,0.035,WD,MSY,WD 2.5" 3TB Elements (WDBU6Y0030BBK-WESN) USB3.0 Black Portable External Hard DiskCLEARANCE ITEM. Product may be refurbished or ex-demo or missing package/accessories. Please check before purchase.
2019-10-30,155.00,2.5",USB,USB 3.0,4000,0.039,WD,MSY,WD 2.5" 4TB Element SE (WDBJRT0040BBK-WESN) USB3.0 Black Portable External Hard DiskCLEARANCE ITEM. Product may be refurbished or ex-demo or missing package/accessories. Please check before purchase.
2019-10-30,168.00,2.5",USB,USB 3.0,4000,0.042,WD,MSY,WD 2.5" 4TB My Passport WDBYFT0040BBK-WESN USB3.0 Black Portable Hard Disk Drive
2019-10-30,79.00,2.5",SATA,RPM:  7200,500,0.158,WD,MSY,WD 2.5" Notebook 500GB WD5000LPLX SATA 6.0Gb/s 7200RPM HDD
2019-10-30,189.00,3.5",SATA?,?,2000,0.095,WD,CPL,WD 2TB 3.5 Inch Caviar Black Internal Hard WD2003FZEX
2019-10-30,158.00,3.5",USB,USB 3.0,4000,0.040,WD,MSY,WD 3.5" 4TB Elements (WDBBKG0040HBK-AESN) USB3.0 External Hard Disk Drive
2019-10-30,177.00,3.5",USB,USB 3.0,4000,0.044,WD,MSY,WD 3.5" 4TB Mybook WDBBGB0040HBK-AESN USB3.0 External Hard Disk
2019-10-30,209.00,3.5",USB,USB 3.0,6000,0.035,WD,MSY,WD 3.5" 6TB Element (WDBBKG0060HBK-AESN) USB 3.0 Black Portable External Hard Disk
2019-10-30,229.00,3.5",USB,USB 3.0,6000,0.038,WD,MSY,WD 3.5" 6TB Mybook WDBBGB0060HBK-AESN USB3.0 External Hard Disk
2019-10-30,308.00,3.5",USB,USB 3.0,8000,0.038,WD,MSY,WD 3.5" 8TB Mybook WDBBGB0080HBK-AESN USB3.0 External Hard DiskCLEARANCE ITEM. Product may be refurbished or ex-demo or missing package/accessories. Please check before purchase.
2019-10-30,179.00,3.5",SATA?,RPM:  7200,2000,0.089,WD,MSY,WD 3.5" Black 2TB WD2003FZEX SATA3 7200rpm HDD
2019-10-30,273.00,3.5",SATA,RPM:  7200,4000,0.068,WD,MSY,WD 3.5" Black 4TB (WD4005FZBX) SATA3 7200rpm HDD
2019-10-30,55.00,3.5",SATA,RPM:  7200,1000,0.055,WD,MSY,WD 3.5" Blue 1TB WD10EZEX SATA3 64M 7200rpm HDD
2019-10-30,78.00,3.5",SATA,RPM:  5400,2000,0.039,WD,MSY,WD 3.5" Blue 2TB (WD20EZAZ) 256MB 5400RPM SATA3 HDD
2019-10-30,249.00,3.5",SATA,RPM:  5400,6000,0.042,WD,MSY,WD 3.5" Blue 6TB (WD60EZAZ) 256MB 5400RPM SATA3 HDD
2019-10-30,458.00,3.5",SATA,RPM:  7200,10000,0.046,WD,MSY,WD 3.5" Purple 10TB (WD101PURZ) Surveillance 7200RPM 256MB Cache SATA3 HDD
2019-10-30,579.00,3.5",SATA,RPM:  7200,12000,0.048,WD,MSY,WD 3.5" Purple 12TB (WD121PURZ) Surveillance 7200RPM 256MB Cache SATA3 HDD
2019-10-30,69.00,3.5",SATA,RPM:  5400,1000,0.069,WD,MSY,WD 3.5" Purple 1TB WD10PURZ Surveillance 5400RPM 64MB Cache SATA3 HDD
2019-10-30,98.00,3.5",SATA,RPM:  5400,2000,0.049,WD,MSY,WD 3.5" Purple 2TB WD20PURZ Surveillance 5400RPM 64MB Cache SATA3 HDD
2019-10-30,124.00,3.5",SATA,RPM:  5400,3000,0.041,WD,MSY,WD 3.5" Purple 3TB WD30PURZ Surveillance 5400RPM 64MB Cache SATA3 HDD
2019-10-30,155.00,3.5",SATA,RPM:  5400,4000,0.039,WD,MSY,WD 3.5" Purple 4TB WD40PURZ Surveillance 5400RPM 64MB Cache SATA3 HDD
2019-10-30,269.00,3.5",SATA,RPM:  5400,6000,0.045,WD,MSY,WD 3.5" Purple 6TB WD60PURZ Surveillance 5400RPM 64MB Cache SATA3 HDD
2019-10-30,321.00,3.5",SATA,RPM:  5400,8000,0.040,WD,MSY,WD 3.5" Purple 8TB (WD81PURZ) Surveillance 5400RPM 256MB Cache SATA3 HDDCLEARANCE ITEM. Product may be refurbished or ex-demo or missing package/accessories. Please check before purchase.
2019-10-30,458.00,3.5",SATA,SATA3,10000,0.046,WD,MSY,WD 3.5" Red 10TB WD100EFAX 256M SATA3 HDD (NAS HDD)
2019-10-30,114.00,3.5",SATA,SATA3,2000,0.057,WD,MSY,WD 3.5" Red NAS 2TB (WD20EFAX) 256M SATA3 HDD
2019-10-30,88.00,3.5",SATA,SATA3,2000,0.044,WD,MSY,WD 3.5" Red NAS 2TB WD20EFRX 64M SATA3 HDDCLEARANCE ITEM. Product may be refurbished or ex-demo or missing package/accessories. Please check before purchase.
2019-10-30,135.00,3.5",SATA,SATA3,3000,0.045,WD,MSY,WD 3.5" Red NAS 3TB WD30EFRX 64M SATA3 HDD
2019-10-30,159.00,3.5",SATA,SATA3,4000,0.040,WD,MSY,WD 3.5" Red NAS 4TB WD40EFRX 64M SATA3 HDD
2019-10-30,269.00,3.5",SATA,RPM:  5400,6000,0.045,WD,MSY,WD 3.5" Red NAS 6TB (WD60EFAX) 256MB 5400RPM SATA3 HDD
2019-10-30,348.00,3.5",SATA,SATA3,8000,0.043,WD,MSY,WD 3.5" Red NAS 8TB (WD80EFAX) 256MB SATA3 HDD
2019-10-30,881.00,3.5",SATA,RPM:  7200,12000,0.073,WD,MSY,WD 3.5" Ultrastar DC HC520 12TB (HUH721212ALE604) (0F30146) 256MB 7200 RPM SATA Enterprise HDDCLEARANCE ITEM. Product may be refurbished or ex-demo or missing package/accessories. Please check before purchase.
2019-10-30,118.00,3.5",SATA?,RPM:  5400,3000,0.039,WD,CPL,WD 3TB WD30EZRZ Blue 3.5In 5400RPM Hard Drive 
2019-10-30,59.00,2.5",SATA?,?,500,0.118,WD,CPL,WD 500G WD5000LPCX Blue 2.5In Hard Drive
2019-10-30,395.00,3.5",SATA,SATA,6000,0.066,WD,CPL,WD 6TB WD6002FRYZ RE Enterprise 3.5" SATA HDD 
2019-10-30,199.00,?,SATA,SATA3,1000,0.199,WD,MSY,WD Blue 3D NAND WDS100T2B0A 1TB SATAIII SSD Solid State Drive
2019-10-30,189.00,M.2,?,?,1000,0.189,WD,MSY,WD Blue 3D NAND WDS100T2B0B 1TB M.2 SSD Solid State Drive
2019-10-30,65.00,?,SATA,SATA3,250,0.260,WD,MSY,WD Blue 3D NAND WDS250G2B0A 250GB SATAIII SSD Solid State Drive
2019-10-30,65.00,M.2,?,?,250,0.260,WD,MSY,WD Blue 3D NAND WDS250G2B0B 250GB M.2 SSD Solid State Drive
2019-10-30,99.00,?,SATA,SATA3,500,0.198,WD,MSY,WD Blue 3D NAND WDS500G2B0A 500GB SATAIII SSD Solid State Drive
2019-10-30,99.00,M.2,?,?,500,0.198,WD,MSY,WD Blue 3D NAND WDS500G2B0B 500GB M.2 SSD Solid State Drive
2019-10-30,70.00,M.2,NVME,?,250,0.280,WD,MSY,WD Blue SN500 (WDS250G1B0C) 250GB M.2 NVMe SSD Solid State Drive
2019-10-30,114.00,M.2,NVME,?,500,0.228,WD,MSY,WD Blue SN500 (WDS500G1B0C) 500GB M.2 NVMe SSD Solid State Drive
2019-10-30,29.00,M.2,?,?,120,0.242,WD,MSY,WD Green (WDS120G2G0B) 120GB M.2 SSD Solid State Drive
2019-10-30,45.00,M.2,?,?,240,0.188,WD,MSY,WD Green (WDS240G2G0B) 240GB M.2 SSD Solid State Drive
2019-10-30,82.00,?,SATA,SATA3,480,0.171,WD,MSY,WD Green (WDS480G2G0A) 480GB SATAIII SSD Solid State Drive
2019-10-30,79.00,M.2,?,?,480,0.165,WD,MSY,WD Green (WDS480G2G0B) 480GB M.2 SSD Solid State Drive
2019-10-30,32.00,?,SATA,SATA3,120,0.267,WD,MSY,WD Green WDS120G2G0A 120GB SATAIII SSD Solid State Drive
2019-10-30,48.00,?,SATA,SATA3,240,0.200,WD,MSY,WD Green WDS240G2G0A 240GB SATAIII SSD Solid State Drive
2019-10-30,115.00,3.5",SATA,SATA3,1000,0.115,WD,CPL,WD HGST Ultrastar DC HA210 HUS722T1TALA604 1W10001 1TB 3.5" 512n SATA3 Hard Drive 
2019-10-30,519.00,?,?,?,8000,0.065,WD,CPL,WD HUH721008ALE604 Ultrastar DC HC510 8TB HDD
2019-10-30,114.00,3.5",SATA?,?,2000,0.057,WD,CPL,WD Red 2TB WD20EFAX 3.5in NAS Hard Drive 
2019-10-30,78.00,?,SATA,SATA3,1000,0.078,WD,MSY,WD Red NAS 1TB WD10EFRX 64M SATA3 HDDCLEARANCE ITEM. Product may be refurbished or ex-demo or missing package/accessories. Please check before purchase.
2019-10-30,89.00,?,?,?,1000,0.089,WD,CPL,WD Red NAS Hard Drive 1TB IntelliPower WD10EFRX
2019-10-30,135.00,3.5",SATA?,?,1000,0.135,WD,CPL,WD WD1005FBYZ 1TB Gold DATACENTER 3.5" Enterprise HDD
2019-10-30,458.00,3.5",SATA?,?,10000,0.046,WD,CPL,WD WD100EFAX 10TB RED 3.5n NAS Hard Drive
2019-10-30,578.00,3.5",SATA?,?,10000,0.058,WD,CPL,WD WD101KFBX 10TB RED PRO 3.5In NAS Drive
2019-10-30,569.00,3.5",SATA,SATA,10000,0.057,WD,CPL,WD WD101KRYZ 10TB GOLD Enterprise Internal 3.5" SATA Drive
2019-10-30,458.00,?,?,?,10000,0.046,WD,CPL,WD WD101PURZ 10TB Purple Surveillance Hard Drive
2019-10-30,73.00,3.5",SATA?,?,1000,0.073,WD,CPL,WD WD10PURZ 1TB Purple Internal 3.5" Desktop Hard Drive
2019-10-30,115.00,2.5",SATA,SATA3,1000,0.115,WD,CPL,WD WD10SPCX 1TB Blue 2.5 Inch SATA3 Hard Drive
2019-10-30,69.00,2.5",SATA,RPM:  5400,1000,0.069,WD,CPL,WD WD10SPZX 1TB BLUE 2.5" 5400 RPM SATA Hard Drive
2019-10-30,659.00,3.5",SATA,SATA,12000,0.055,WD,CPL,WD WD120EFAX 12TB RED 256MB 3.5 SATA HARD DRIVE 
2019-10-30,799.00,?,?,?,12000,0.067,WD,CPL,WD WD121KFBX RED PRO 12TB NAS HARD DRIVE
2019-10-30,749.00,3.5",SATA,RPM:  7200,12000,0.062,WD,CPL,WD WD121KRYZ 12TB Gold 3.5" SATA3 7200RPM Datacenter Hard Drive
2019-10-30,619.00,3.5",SATA,SATA,12000,0.052,WD,CPL,WD WD121PURZ 12TB 3.5" Purple SATA Surveillance Hard Drive
2019-10-30,179.00,3.5",SATA,SATA,2000,0.089,WD,CPL,WD WD2002FFSX 2TB Red Pro Internal 3.5" Desktop SATA Drive
2019-10-30,195.00,3.5",SATA,SATA,2000,0.098,WD,CPL,WD WD2005FBYZ 2TB GOLD Enterprise Internal 3.5" SATA Drive
2019-10-30,83.00,3.5",SATA,SATA3,2000,0.042,WD,CPL,WD WD20EZAZ BLUE 2TB 3.5in SATAIII 256MB HDD
2019-10-30,165.00,2.5",SATA?,?,2000,0.083,WD,CPL,WD WD20NPVZ Blue 2TB 2.5-inch Mobile Hard Drive
2019-10-30,129.00,2.5",SATA,SATA,2000,0.065,WD,CPL,WD WD20SPZX 2TB Blue 2.5" SATA HDD
2019-10-30,139.00,?,?,?,3000,0.046,WD,CPL,WD WD30EFRX Red NAS Hard Drive 3TB IntelliPower WD30EFRX
2019-10-30,128.00,3.5",SATA?,?,3000,0.043,WD,CPL,WD WD30PURZ 3TB Purple Internal 3.5" Desktop Hard Drive
2019-10-30,269.00,3.5",SATA?,?,4000,0.067,WD,CPL,WD WD4003FFBX 4TB Red Pro 256MB 3.5" NAS Hard Drive
2019-10-30,274.00,?,?,?,4000,0.069,WD,CPL,WD WD4005FZBX 4TB Black 256MB HDD
2019-10-30,168.00,3.5",SATA,SATA3,4000,0.042,WD,CPL,WD WD40EFRX 4TB Red 3.5 Inch SATA3 63MB Internal Hard Drive for NAS
2019-10-30,154.00,3.5",SATA,RPM:  5400,4000,0.038,WD,CPL,WD WD40EZRZ 4TB Blue 3.5" 5400RPM SATA3 Hard Drive
2019-10-30,158.00,3.5",SATA?,?,4000,0.040,WD,CPL,WD WD40PURZ 4TB Purple Internal 3.5" Desktop Hard Drive
2019-10-30,239.00,3.5",SATA?,?,4000,0.060,WD,CPL,WD WD4NPURX Purple NV 4TB 3.5in Surveillance HDD
2019-10-30,88.00,3.5",SATA,SATA,500,0.176,WD,CPL,WD WD5000AZRZ 500GB Blue 64MB 3.5In SATA HDD
2019-10-30,79.00,2.5",SATA?,?,500,0.158,WD,CPL,WD WD5000LPLX Black 2.5in 500GB HDD
2019-10-30,358.00,3.5",SATA?,?,6000,0.060,WD,CPL,WD WD6003FFBX 6TB Red Pro 256MB 3.5" NAS Hard Drive
2019-10-30,375.00,?,?,?,6000,0.062,WD,CPL,WD WD6003FZBX 6TB Black 256MB HDD
2019-10-30,269.00,?,?,?,6000,0.045,WD,CPL,WD WD60EFAX 6TB RED 256MB NAS Hard Drive
2019-10-30,249.00,3.5",SATA,SATA,6000,0.042,WD,CPL,WD WD60EZAZ 6TB BLUE 256MB 3.5" SATA Hard Drive
2019-10-30,269.00,3.5",SATA?,?,6000,0.045,WD,CPL,WD WD60PURZ 6TB Purple Internal 3.5" Desktop Hard Drive
2019-10-30,439.00,3.5",SATA?,RPM:  7200,8000,0.055,WD,CPL,WD WD8003FFBX 8TB RED PRO 3.5" NAS 7200 RPM HDD
2019-10-30,459.00,?,?,?,8000,0.057,WD,CPL,WD WD8003FRYZ 8TB Gold Enterprise-Class Hard Drive
2019-10-30,348.00,3.5",SATA?,RPM:  5400,8000,0.043,WD,CPL,WD WD80EFAX Red 3.5" 8TB 256MB 5400RPM NAS HDD
2019-10-30,348.00,3.5",SATA,SATA,8000,0.043,WD,CPL,WD WD81PURZ 8TB 3.5" Purple SATA Surveillance Hard Drive
2019-10-30,379.00,3.5",SATA,SATA3,8000,0.047,WD,CPL,WD WD82PURZ Purple 8TB Surveillance 3.5' IntelliPower SATA3 HDD
2019-10-30,199.00,2.5",SATA,SATA,1000,0.199,WD,CPL,WD WDS100T2B0A 1TB Blue 3D NAND SSD 2.5 SATA CSSD 3Yr
2019-10-30,199.00,M.2,SATA,SATA,1000,0.199,WD,CPL,WD WDS100T2B0B 1TB Blue 3D NAND SSD M.2 SATA CSSD 3Yr
2019-10-30,349.00,M.2,NVME,?,1000,0.349,WD,CPL,WD WDS100T2X0C Black NVME SSD 1TB M.2
2019-10-30,329.00,M.2,NVME,PCIe3 x4,1000,0.329,WD,CPL,WD WDS100T3X0C Black SN750 1TB NVMe M.2 (2280) PCIe 3x4 3D NAND SSD
2019-10-30,389.00,M.2,NVME,?,1000,0.389,WD,CPL,WD WDS100T3XHC 1TB BLACK SN750 NVME SSD M.2 2280 with heatsink
2019-10-30,32.00,?,?,?,120,0.267,WD,CPL,WD WDS120G2G0A 120GB Green 3D NAND SSD
2019-10-30,33.00,M.2,SATA,SATA,120,0.275,WD,CPL,WD WDS120G2G0B 120GB Green 3D NAND SSD_ M.2 SATA
2019-10-30,449.00,2.5",SATA,SATA,2000,0.225,WD,CPL,WD WDS200T2B0A 2TB Blue 3D NAND SSD 2.5 SATA CSSD 3Yr
2019-10-30,432.00,M.2,SATA,SATA,2000,0.216,WD,CPL,WD WDS200T2B0B 2TB Blue 3D NAND SSD M.2 SATA CSSD 3Yr
2019-10-30,709.00,?,NVME,?,2000,0.354,WD,CPL,WD WDS200T3X0C 2TB Black SN750 NVMe SSD
2019-10-30,709.00,?,NVME,?,2000,0.354,WD,CPL,WD WDS200T3XHC 2TB Black SN750 NVMe SSD
2019-10-30,48.00,?,?,?,240,0.200,WD,CPL,WD WDS240G2G0A 240GB Green 3D NAND SSD
2019-10-30,48.00,M.2,SATA,SATA,240,0.200,WD,CPL,WD WDS240G2G0B Green 240GB M.2 2280 SATA SSD
2019-10-30,75.00,M.2,NVME,?,250,0.300,WD,CPL,WD WDS250G1B0C 250GB Blue NVME SSD M.2
2019-10-30,65.00,2.5",SATA?,?,250,0.260,WD,CPL,WD WDS250G2B0A Blue 250GB 3D NAND 2.5" SSD
2019-10-30,65.00,M.2,SATA,SATA,250,0.260,WD,CPL,WD WDS250G2B0B 250GB Blue 3D NAND SSD M.2 SATA CSSD 3Yr
2019-10-30,105.00,M.2,NVME,PCIe3 x4,250,0.420,WD,CPL,WD WDS250G3X0C Black SN750 250GB NVMe M.2 (2280) PCIe 3x4 3D NAND SSD
2019-10-30,82.00,?,?,?,480,0.171,WD,CPL,WD WDS480G2G0A 480GB Green PC SSD 
2019-10-30,79.00,M.2,?,?,480,0.165,WD,CPL,WD WDS480G2G0B Green 480GB M.2 2280 SSD
2019-10-30,118.00,M.2,NVME,?,500,0.236,WD,CPL,WD WDS500G1B0C 500GB Blue NVME M.2 2280 SSD
2019-10-30,99.00,2.5",SATA,SATA,500,0.198,WD,CPL,WD WDS500G2B0A 500GB Blue 3D NAND SSD 2.5 SATA CSSD 3Yr
2019-10-30,99.00,M.2,SATA,SATA,500,0.198,WD,CPL,WD WDS500G2B0B 500GB Blue 3D NAND SSD M.2 SATA CSSD 3Yr
2019-10-30,169.00,M.2,NVME,PCIe3 x4,500,0.338,WD,CPL,WD WDS500G3X0C Black SN750 500GB NVMe M.2 (2280) PCIe 3x4 3D NAND SSD
2019-10-30,208.00,M.2,NVME,?,500,0.416,WD,CPL,WD WDS500G3XHC 500GB BLACK SN750 NVME SSD_ M.2 2280 With Heatsink
2019-10-30,925.00,3.5",SATA?,?,14000,0.066,WD,CPL,WD WUH721414ALE6L4(0F31284) Ultrastar 14TB 3.5 inch HDD
2019-10-30,625.00,3.5",SATA,SATA,10000,0.062,?,CPL,WD/HGST 0F27606 10TB Ultrastar Enterprise 3.5" SATA HDD
2019-10-30,169.00,M.2,?,?,500,0.338,Samsung,MSY,  Samsung 970 EVO PLUS (MZ-V7S500BW) 500GB M.2 SSD Solid State Drive
2019-10-30,43.00,2.5",SATA,SATA,240,0.179,Crucial,MSY, Crucial BX500 (CT240BX500SSD1) 240GB 3D NAND SATA 2.5-inch SSD
2019-10-30,319.00,M.2,NVME,?,2000,0.160,Intel,MSY, Intel 660P series (SSDPEKNW020T8X1) 2TB M.2 PCIe NVMe SSD Solid State Drive
2019-10-30,103.00,2.5",SATA,SATA3,480,0.215,Kingston,MSY, Kingston (SUV500/480G) 480GB SSDNOW UV500 SATA3 2.5" Solid State Drive
2019-10-30,136.00,mSATA,SATA,?,1000,0.136,Samsung,MSY, Samsung 850 EVO MZ-M5E1T0BW 1TB mSATA SSD Solid State DriveCLEARANCE ITEM. Product may be refurbished or ex-demo or missing package/accessories. Please check before purchase.
2019-10-30,34.00,?,SATA,SATA3,120,0.283,SanDisk,MSY, Sandisk SSD PLUS SDSSDA-120G 120GB SATA3 SSD Solid State Drive
2019-10-30,49.00,?,SATA,SATA3,240,0.204,SanDisk,MSY, Sandisk SSD PLUS SDSSDA-240G 240GB SATA3 SSD Solid State Drive
2019-10-30,262.00,3.5",SATA,RPM:  7200,6000,0.044,Seagate,MSY, Seagate 3.5" BarraCuda PRO 6TB ST6000DM004 SATA3 7200rpm 256MB Cache Hard Disk DriveCLEARANCE ITEM. Product may be refurbished or ex-demo or missing package/accessories. Please check before purchase.
2019-10-30,196.00,3.5",SATA?,RPM:  7200,3000,0.065,Seagate,MSY, Seagate 3.5" Constellation ES.3 3TB ST3000NM0033 SATA6Gb/s 7200RPM Enterprise Hard Disk DriveCLEARANCE ITEM. Product may be refurbished or ex-demo or missing package/accessories. Please check before purchase.
2019-10-30,241.00,3.5",SATA?,RPM:  7200,6000,0.040,Seagate,MSY, Seagate 3.5" Constellation ES.3 6TB ST6000NM0024 SATA6Gb/s 7200RPM Enterprise Hard Disk DriveCLEARANCE ITEM. Product may be refurbished or ex-demo or missing package/accessories. Please check before purchase.
2019-10-30,160.00,3.5",SATA?,?,4000,0.040,Seagate,MSY, Seagate SkyHawk Surveillance 3.5" 4TB ST4000VX007 64MB Cache RV Sensors Hard Disk Drive
2019-10-30,329.00,3.5",SATA?,?,8000,0.041,Seagate,MSY, Seagate SkyHawk Surveillance 3.5" 8TB ST8000VX0022 256MB Cache RV Sensors Hard Disk Drive
2019-10-30,55.00,2.5",SATA,RPM:  5400,500,0.110,WD,MSY, WD 2.5" Notebook 500GB WD5000LPVX / WD5000LPCX SATA 6.0 Gb/s 5400RPM 7MM HDD
2019-10-30,64.00,2.5",SATA,RPM:  5400,1000,0.064,WD,MSY, WD 2.5" Notebook Blue 1TB WD10SPZX 128MB 5400rpm SATA 6.0Gb/s Internal Mobile Hard Disk Drive
2019-10-30,115.00,3.5",SATA,RPM:  7200,1000,0.115,WD,MSY, WD 3.5" Black 1TB WD1003FZEX SATA3 7200rpm HDD 
2019-10-30,360.00,3.5",SATA,RPM:  7200,6000,0.060,WD,MSY, WD 3.5" Black 6TB (WD6003FZBX) SATA3 7200rpm HDD
2019-10-30,115.00,3.5",SATA,RPM:  5400,3000,0.038,WD,MSY, WD 3.5" Blue 3TB WD30EZRZ 64M 5400RPM SATA3 HDD
2019-10-30,148.00,3.5",SATA,RPM:  5400,4000,0.037,WD,MSY, WD 3.5" Blue 4TB WD40EZRZ 64M 5400RPM SATA3 HDD
